franchise_id,team_id,year_id,team_name,league,division,number_of_games,wins,losses,ties,winning_percentage,finish,playoff_result
ATL,ATL,2026,Atlanta Braves,NL,East,111,66,45,0,.595,1st of 5,
ATL,ATL,2025,Atlanta Braves,NL,East,162,76,86,0,.469,4th of 5,
ATL,ATL,2024,Atlanta Braves,NL,East,162,89,73,0,.549,2nd of 5,Lost NLWC (2-0)
ATL,ATL,2023,Atlanta Braves,NL,East,162,104,58,0,.642,1st of 5,Lost NLDS (3-1)
ATL,ATL,2022,Atlanta Braves,NL,East,162,101,61,0,.623,1st of 5,Lost NLDS (3-1)
ATL,ATL,2021,Atlanta Braves,NL,East,161,88,73,0,.547,1st of 5,Won WS (4-2)
ATL,ATL,2020,Atlanta Braves,NL,East,60,35,25,0,.583,1st of 5,Lost NLCS (4-3)
ATL,ATL,2019,Atlanta Braves,NL,East,162,97,65,0,.599,1st of 5,Lost NLDS (3-2)
ATL,ATL,2018,Atlanta Braves,NL,East,162,90,72,0,.556,1st of 5,Lost NLDS (3-1)
ATL,ATL,2017,Atlanta Braves,NL,East,162,72,90,0,.444,3rd of 5,
ATL,ATL,2016,Atlanta Braves,NL,East,161,68,93,0,.422,5th of 5,
ATL,ATL,2015,Atlanta Braves,NL,East,162,67,95,0,.414,4th of 5,
ATL,ATL,2014,Atlanta Braves,NL,East,162,79,83,0,.488,2nd of 5,
ATL,ATL,2013,Atlanta Braves,NL,East,162,96,66,0,.593,1st of 5,Lost NLDS (3-1)
ATL,ATL,2012,Atlanta Braves,NL,East,162,94,68,0,.580,2nd of 5,Lost NLWC (1-0)
ATL,ATL,2011,Atlanta Braves,NL,East,162,89,73,0,.549,2nd of 5,
ATL,ATL,2010,Atlanta Braves,NL,East,162,91,71,0,.562,2nd of 5,Lost NLDS (3-1)
ATL,ATL,2009,Atlanta Braves,NL,East,162,86,76,0,.531,3rd of 5,
ATL,ATL,2008,Atlanta Braves,NL,East,162,72,90,0,.444,4th of 5,
ATL,ATL,2007,Atlanta Braves,NL,East,162,84,78,0,.519,3rd of 5,
ATL,ATL,2006,Atlanta Braves,NL,East,162,79,83,0,.488,3rd of 5,
ATL,ATL,2005,Atlanta Braves,NL,East,162,90,72,0,.556,1st of 5,Lost NLDS (3-1)
ATL,ATL,2004,Atlanta Braves,NL,East,162,96,66,0,.593,1st of 5,Lost NLDS (3-2)
ATL,ATL,2003,Atlanta Braves,NL,East,162,101,61,0,.623,1st of 5,Lost NLDS (3-2)
ATL,ATL,2002,Atlanta Braves,NL,East,161,101,59,1,.631,1st of 5,Lost NLDS (3-2)
ATL,ATL,2001,Atlanta Braves,NL,East,162,88,74,0,.543,1st of 5,Lost NLCS (4-1)
ATL,ATL,2000,Atlanta Braves,NL,East,162,95,67,0,.586,1st of 5,Lost NLDS (3-0)
ATL,ATL,1999,Atlanta Braves,NL,East,162,103,59,0,.636,1st of 5,Lost WS (4-0)
ATL,ATL,1998,Atlanta Braves,NL,East,162,106,56,0,.654,1st of 5,Lost NLCS (4-2)
ATL,ATL,1997,Atlanta Braves,NL,East,162,101,61,0,.623,1st of 5,Lost NLCS (4-2)
ATL,ATL,1996,Atlanta Braves,NL,East,162,96,66,0,.593,1st of 5,Lost WS (4-2)
ATL,ATL,1995,Atlanta Braves,NL,East,144,90,54,0,.625,1st of 5,Won WS (4-2)
ATL,ATL,1994,Atlanta Braves,NL,East,114,68,46,0,.596,2nd of 5,
ATL,ATL,1993,Atlanta Braves,NL,West,162,104,58,0,.642,1st of 7,Lost NLCS (4-2)
ATL,ATL,1992,Atlanta Braves,NL,West,162,98,64,0,.605,1st of 6,Lost WS (4-2)
ATL,ATL,1991,Atlanta Braves,NL,West,162,94,68,0,.580,1st of 6,Lost WS (4-3)
ATL,ATL,1990,Atlanta Braves,NL,West,162,65,97,0,.401,6th of 6,
ATL,ATL,1989,Atlanta Braves,NL,West,161,63,97,1,.394,6th of 6,
ATL,ATL,1988,Atlanta Braves,NL,West,160,54,106,0,.338,6th of 6,
ATL,ATL,1987,Atlanta Braves,NL,West,161,69,92,0,.429,5th of 6,
ATL,ATL,1986,Atlanta Braves,NL,West,161,72,89,0,.447,6th of 6,
ATL,ATL,1985,Atlanta Braves,NL,West,162,66,96,0,.407,5th of 6,
ATL,ATL,1984,Atlanta Braves,NL,West,162,80,82,0,.494,2nd of 6,
ATL,ATL,1983,Atlanta Braves,NL,West,162,88,74,0,.543,2nd of 6,
ATL,ATL,1982,Atlanta Braves,NL,West,162,89,73,0,.549,1st of 6,Lost NLCS (3-0)
ATL,ATL,1981,Atlanta Braves,NL,West,107,50,56,1,.472,5th of 6,
ATL,ATL,1980,Atlanta Braves,NL,West,161,81,80,0,.503,4th of 6,
ATL,ATL,1979,Atlanta Braves,NL,West,160,66,94,0,.413,6th of 6,
ATL,ATL,1978,Atlanta Braves,NL,West,162,69,93,0,.426,6th of 6,
ATL,ATL,1977,Atlanta Braves,NL,West,162,61,101,0,.377,6th of 6,
ATL,ATL,1976,Atlanta Braves,NL,West,162,70,92,0,.432,6th of 6,
ATL,ATL,1975,Atlanta Braves,NL,West,161,67,94,0,.416,5th of 6,
ATL,ATL,1974,Atlanta Braves,NL,West,163,88,74,1,.543,3rd of 6,
ATL,ATL,1973,Atlanta Braves,NL,West,162,76,85,1,.472,5th of 6,
ATL,ATL,1972,Atlanta Braves,NL,West,155,70,84,1,.455,4th of 6,
ATL,ATL,1971,Atlanta Braves,NL,West,162,82,80,0,.506,3rd of 6,
ATL,ATL,1970,Atlanta Braves,NL,West,162,76,86,0,.469,5th of 6,
ATL,ATL,1969,Atlanta Braves,NL,West,162,93,69,0,.574,1st of 6,Lost NLCS (3-0)
ATL,ATL,1968,Atlanta Braves,NL,,163,81,81,1,.500,5th of 10,
ATL,ATL,1967,Atlanta Braves,NL,,162,77,85,0,.475,7th of 10,
ATL,ATL,1966,Atlanta Braves,NL,,163,85,77,1,.525,5th of 10,
ATL,MLN,1965,Milwaukee Braves,NL,,162,86,76,0,.531,5th of 10,
ATL,MLN,1964,Milwaukee Braves,NL,,162,88,74,0,.543,5th of 10,
ATL,MLN,1963,Milwaukee Braves,NL,,163,84,78,1,.519,6th of 10,
ATL,MLN,1962,Milwaukee Braves,NL,,162,86,76,0,.531,5th of 10,
ATL,MLN,1961,Milwaukee Braves,NL,,155,83,71,1,.539,4th of 8,
ATL,MLN,1960,Milwaukee Braves,NL,,154,88,66,0,.571,2nd of 8,
ATL,MLN,1959,Milwaukee Braves,NL,,157,86,70,1,.551,2nd of 8,
ATL,MLN,1958,Milwaukee Braves,NL,,154,92,62,0,.597,1st of 8,Lost WS (4-3)
ATL,MLN,1957,Milwaukee Braves,NL,,155,95,59,1,.617,1st of 8,Won WS (4-3)
ATL,MLN,1956,Milwaukee Braves,NL,,155,92,62,1,.597,2nd of 8,
ATL,MLN,1955,Milwaukee Braves,NL,,154,85,69,0,.552,2nd of 8,
ATL,MLN,1954,Milwaukee Braves,NL,,154,89,65,0,.578,3rd of 8,
ATL,MLN,1953,Milwaukee Braves,NL,,157,92,62,3,.597,2nd of 8,
ATL,BSN,1952,Boston Braves,NL,,155,64,89,2,.418,7th of 8,
ATL,BSN,1951,Boston Braves,NL,,155,76,78,1,.494,4th of 8,
ATL,BSN,1950,Boston Braves,NL,,156,83,71,2,.539,4th of 8,
ATL,BSN,1949,Boston Braves,NL,,157,75,79,3,.487,4th of 8,
ATL,BSN,1948,Boston Braves,NL,,154,91,62,1,.595,1st of 8,Lost WS (4-2)
ATL,BSN,1947,Boston Braves,NL,,154,86,68,0,.558,3rd of 8,
ATL,BSN,1946,Boston Braves,NL,,154,81,72,1,.529,4th of 8,
ATL,BSN,1945,Boston Braves,NL,,154,67,85,2,.441,6th of 8,
ATL,BSN,1944,Boston Braves,NL,,155,65,89,1,.422,6th of 8,
ATL,BSN,1943,Boston Braves,NL,,153,68,85,0,.444,6th of 8,
ATL,BSN,1942,Boston Braves,NL,,150,59,89,2,.399,7th of 8,
ATL,BSN,1941,Boston Braves,NL,,156,62,92,2,.403,7th of 8,
ATL,BSN,1940,Boston Bees,NL,,152,65,87,0,.428,7th of 8,
ATL,BSN,1939,Boston Bees,NL,,152,63,88,1,.417,7th of 8,
ATL,BSN,1938,Boston Bees,NL,,153,77,75,1,.507,5th of 8,
ATL,BSN,1937,Boston Bees,NL,,152,79,73,0,.520,5th of 8,
ATL,BSN,1936,Boston Bees,NL,,157,71,83,3,.461,6th of 8,
ATL,BSN,1935,Boston Braves,NL,,153,38,115,0,.248,8th of 8,
ATL,BSN,1934,Boston Braves,NL,,152,78,73,1,.517,4th of 8,
ATL,BSN,1933,Boston Braves,NL,,156,83,71,2,.539,4th of 8,
ATL,BSN,1932,Boston Braves,NL,,155,77,77,1,.500,5th of 8,
ATL,BSN,1931,Boston Braves,NL,,156,64,90,2,.416,7th of 8,
ATL,BSN,1930,Boston Braves,NL,,154,70,84,0,.455,6th of 8,
ATL,BSN,1929,Boston Braves,NL,,154,56,98,0,.364,8th of 8,
ATL,BSN,1928,Boston Braves,NL,,153,50,103,0,.327,7th of 8,
ATL,BSN,1927,Boston Braves,NL,,155,60,94,1,.390,7th of 8,
ATL,BSN,1926,Boston Braves,NL,,153,66,86,1,.434,7th of 8,
ATL,BSN,1925,Boston Braves,NL,,153,70,83,0,.458,5th of 8,
ATL,BSN,1924,Boston Braves,NL,,154,53,100,1,.346,8th of 8,
ATL,BSN,1923,Boston Braves,NL,,155,54,100,1,.351,7th of 8,
ATL,BSN,1922,Boston Braves,NL,,154,53,100,1,.346,8th of 8,
ATL,BSN,1921,Boston Braves,NL,,153,79,74,0,.516,4th of 8,
ATL,BSN,1920,Boston Braves,NL,,153,62,90,1,.408,7th of 8,
ATL,BSN,1919,Boston Braves,NL,,140,57,82,1,.410,6th of 8,
ATL,BSN,1918,Boston Braves,NL,,124,53,71,0,.427,7th of 8,
ATL,BSN,1917,Boston Braves,NL,,157,72,81,4,.471,6th of 8,
ATL,BSN,1916,Boston Braves,NL,,158,89,63,6,.586,3rd of 8,
ATL,BSN,1915,Boston Braves,NL,,157,83,69,5,.546,2nd of 8,
ATL,BSN,1914,Boston Braves,NL,,158,94,59,5,.614,1st of 8,Won WS (4-0)
ATL,BSN,1913,Boston Braves,NL,,154,69,82,3,.457,5th of 8,
ATL,BSN,1912,Boston Braves,NL,,155,52,101,2,.340,8th of 8,
ATL,BSN,1911,Boston,NL,,156,44,107,5,.291,8th of 8,
ATL,BSN,1910,Boston Doves,NL,,157,53,100,4,.346,8th of 8,
ATL,BSN,1909,Boston Doves,NL,,155,45,108,2,.294,8th of 8,
ATL,BSN,1908,Boston Doves,NL,,156,63,91,2,.409,6th of 8,
ATL,BSN,1907,Boston Doves,NL,,152,58,90,4,.392,7th of 8,
ATL,BSN,1906,Boston Nationals,NL,,152,49,102,1,.325,8th of 8,
ATL,BSN,1905,Boston Nationals,NL,,156,51,103,2,.331,7th of 8,
ATL,BSN,1904,Boston Nationals,NL,,155,55,98,2,.359,7th of 8,
ATL,BSN,1903,Boston Nationals,NL,,140,58,80,2,.420,6th of 8,
ATL,BSN,1902,Boston Nationals,NL,,142,73,64,5,.533,3rd of 8,
ATL,BSN,1901,Boston Nationals,NL,,140,69,69,2,.500,5th of 8,
ATL,BSN,1900,Boston,NL,,142,66,72,4,.478,4th of 8,
ATL,BSN,1899,Boston,NL,,153,95,57,1,.625,2nd of 12,
ATL,BSN,1898,Boston,NL,,152,102,47,3,.685,1st of 12,
ATL,BSN,1897,Boston,NL,,135,93,39,3,.705,1st of 12,
ATL,BSN,1896,Boston,NL,,132,74,57,1,.565,4th of 12,
ATL,BSN,1895,Boston,NL,,133,71,60,2,.542,6th of 12,
ATL,BSN,1894,Boston,NL,,133,83,49,1,.629,3rd of 12,
ATL,BSN,1893,Boston,NL,,131,86,43,2,.667,1st of 12,
ATL,BSN,1892,Boston,NL,,152,102,48,2,.680,1st of 12,Won WS (5-0-1)
ATL,BSN,1891,Boston,NL,,140,87,51,2,.630,1st of 8,
ATL,BSN,1890,Boston,NL,,134,76,57,1,.571,5th of 8,
ATL,BSN,1889,Boston,NL,,133,83,45,5,.648,2nd of 8,
ATL,BSN,1888,Boston,NL,,137,70,64,3,.522,4th of 8,
ATL,BSN,1887,Boston,NL,,127,61,60,6,.504,5th of 8,
ATL,BSN,1886,Boston,NL,,118,56,61,1,.479,5th of 8,
ATL,BSN,1885,Boston,NL,,113,46,66,1,.411,5th of 8,
ATL,BSN,1884,Boston,NL,,116,73,38,5,.658,2nd of 8,
ATL,BSN,1883,Boston,NL,,98,63,35,0,.643,1st of 8,
ATL,BSN,1882,Boston,NL,,85,45,39,1,.536,3rd of 8,
ATL,BSN,1881,Boston,NL,,83,38,45,0,.458,6th of 8,
ATL,BSN,1880,Boston,NL,,86,40,44,2,.476,6th of 8,
ATL,BSN,1879,Boston,NL,,84,54,30,0,.643,2nd of 8,
ATL,BSN,1878,Boston,NL,,60,41,19,0,.683,1st of 6,
ATL,BSN,1877,Boston,NL,,61,42,18,1,.700,1st of 6,
ATL,BSN,1876,Boston Reds,NL,,70,39,31,0,.557,4th of 8,
PHI,PHI,2026,Philadelphia Phillies,NL,East,111,58,53,0,.523,2nd of 5,
PHI,PHI,2025,Philadelphia Phillies,NL,East,162,96,66,0,.593,1st of 5,Lost NLDS (3-1)
PHI,PHI,2024,Philadelphia Phillies,NL,East,162,95,67,0,.586,1st of 5,Lost NLDS (3-1)
PHI,PHI,2023,Philadelphia Phillies,NL,East,162,90,72,0,.556,2nd of 5,Lost NLCS (4-3)
PHI,PHI,2022,Philadelphia Phillies,NL,East,162,87,75,0,.537,3rd of 5,Lost WS (4-2)
PHI,PHI,2021,Philadelphia Phillies,NL,East,162,82,80,0,.506,2nd of 5,
PHI,PHI,2020,Philadelphia Phillies,NL,East,60,28,32,0,.467,3rd of 5,
PHI,PHI,2019,Philadelphia Phillies,NL,East,162,81,81,0,.500,4th of 5,
PHI,PHI,2018,Philadelphia Phillies,NL,East,162,80,82,0,.494,3rd of 5,
PHI,PHI,2017,Philadelphia Phillies,NL,East,162,66,96,0,.407,5th of 5,
PHI,PHI,2016,Philadelphia Phillies,NL,East,162,71,91,0,.438,4th of 5,
PHI,PHI,2015,Philadelphia Phillies,NL,East,162,63,99,0,.389,5th of 5,
PHI,PHI,2014,Philadelphia Phillies,NL,East,162,73,89,0,.451,5th of 5,
PHI,PHI,2013,Philadelphia Phillies,NL,East,162,73,89,0,.451,4th of 5,
PHI,PHI,2012,Philadelphia Phillies,NL,East,162,81,81,0,.500,3rd of 5,
PHI,PHI,2011,Philadelphia Phillies,NL,East,162,102,60,0,.630,1st of 5,Lost NLDS (3-2)
PHI,PHI,2010,Philadelphia Phillies,NL,East,162,97,65,0,.599,1st of 5,Lost NLCS (4-2)
PHI,PHI,2009,Philadelphia Phillies,NL,East,162,93,69,0,.574,1st of 5,Lost WS (4-2)
PHI,PHI,2008,Philadelphia Phillies,NL,East,162,92,70,0,.568,1st of 5,Won WS (4-1)
PHI,PHI,2007,Philadelphia Phillies,NL,East,162,89,73,0,.549,1st of 5,Lost NLDS (3-0)
PHI,PHI,2006,Philadelphia Phillies,NL,East,162,85,77,0,.525,2nd of 5,
PHI,PHI,2005,Philadelphia Phillies,NL,East,162,88,74,0,.543,2nd of 5,
PHI,PHI,2004,Philadelphia Phillies,NL,East,162,86,76,0,.531,2nd of 5,
PHI,PHI,2003,Philadelphia Phillies,NL,East,162,86,76,0,.531,3rd of 5,
PHI,PHI,2002,Philadelphia Phillies,NL,East,161,80,81,0,.497,3rd of 5,
PHI,PHI,2001,Philadelphia Phillies,NL,East,162,86,76,0,.531,2nd of 5,
PHI,PHI,2000,Philadelphia Phillies,NL,East,162,65,97,0,.401,5th of 5,
PHI,PHI,1999,Philadelphia Phillies,NL,East,162,77,85,0,.475,3rd of 5,
PHI,PHI,1998,Philadelphia Phillies,NL,East,162,75,87,0,.463,3rd of 5,
PHI,PHI,1997,Philadelphia Phillies,NL,East,162,68,94,0,.420,5th of 5,
PHI,PHI,1996,Philadelphia Phillies,NL,East,162,67,95,0,.414,5th of 5,
PHI,PHI,1995,Philadelphia Phillies,NL,East,144,69,75,0,.479,2nd of 5,
PHI,PHI,1994,Philadelphia Phillies,NL,East,115,54,61,0,.470,4th of 5,
PHI,PHI,1993,Philadelphia Phillies,NL,East,162,97,65,0,.599,1st of 7,Lost WS (4-2)
PHI,PHI,1992,Philadelphia Phillies,NL,East,162,70,92,0,.432,6th of 6,
PHI,PHI,1991,Philadelphia Phillies,NL,East,162,78,84,0,.481,3rd of 6,
PHI,PHI,1990,Philadelphia Phillies,NL,East,162,77,85,0,.475,4th of 6,
PHI,PHI,1989,Philadelphia Phillies,NL,East,163,67,95,1,.414,6th of 6,
PHI,PHI,1988,Philadelphia Phillies,NL,East,162,65,96,1,.404,6th of 6,
PHI,PHI,1987,Philadelphia Phillies,NL,East,162,80,82,0,.494,4th of 6,
PHI,PHI,1986,Philadelphia Phillies,NL,East,161,86,75,0,.534,2nd of 6,
PHI,PHI,1985,Philadelphia Phillies,NL,East,162,75,87,0,.463,5th of 6,
PHI,PHI,1984,Philadelphia Phillies,NL,East,162,81,81,0,.500,4th of 6,
PHI,PHI,1983,Philadelphia Phillies,NL,East,163,90,72,1,.556,1st of 6,Lost WS (4-1)
PHI,PHI,1982,Philadelphia Phillies,NL,East,162,89,73,0,.549,2nd of 6,
PHI,PHI,1981,Philadelphia Phillies,NL,East,107,59,48,0,.551,3rd of 6,Lost NLDS (3-2)
PHI,PHI,1980,Philadelphia Phillies,NL,East,162,91,71,0,.562,1st of 6,Won WS (4-2)
PHI,PHI,1979,Philadelphia Phillies,NL,East,163,84,78,1,.519,4th of 6,
PHI,PHI,1978,Philadelphia Phillies,NL,East,162,90,72,0,.556,1st of 6,Lost NLCS (3-1)
PHI,PHI,1977,Philadelphia Phillies,NL,East,162,101,61,0,.623,1st of 6,Lost NLCS (3-1)
PHI,PHI,1976,Philadelphia Phillies,NL,East,162,101,61,0,.623,1st of 6,Lost NLCS (3-0)
PHI,PHI,1975,Philadelphia Phillies,NL,East,162,86,76,0,.531,2nd of 6,
PHI,PHI,1974,Philadelphia Phillies,NL,East,162,80,82,0,.494,3rd of 6,
PHI,PHI,1973,Philadelphia Phillies,NL,East,162,71,91,0,.438,6th of 6,
PHI,PHI,1972,Philadelphia Phillies,NL,East,156,59,97,0,.378,6th of 6,
PHI,PHI,1971,Philadelphia Phillies,NL,East,162,67,95,0,.414,6th of 6,
PHI,PHI,1970,Philadelphia Phillies,NL,East,161,73,88,0,.453,5th of 6,
PHI,PHI,1969,Philadelphia Phillies,NL,East,162,63,99,0,.389,5th of 6,
PHI,PHI,1968,Philadelphia Phillies,NL,,162,76,86,0,.469,7th of 10,
PHI,PHI,1967,Philadelphia Phillies,NL,,162,82,80,0,.506,5th of 10,
PHI,PHI,1966,Philadelphia Phillies,NL,,162,87,75,0,.537,4th of 10,
PHI,PHI,1965,Philadelphia Phillies,NL,,162,85,76,1,.528,6th of 10,
PHI,PHI,1964,Philadelphia Phillies,NL,,162,92,70,0,.568,2nd of 10,
PHI,PHI,1963,Philadelphia Phillies,NL,,162,87,75,0,.537,4th of 10,
PHI,PHI,1962,Philadelphia Phillies,NL,,161,81,80,0,.503,7th of 10,
PHI,PHI,1961,Philadelphia Phillies,NL,,155,47,107,1,.305,8th of 8,
PHI,PHI,1960,Philadelphia Phillies,NL,,154,59,95,0,.383,8th of 8,
PHI,PHI,1959,Philadelphia Phillies,NL,,155,64,90,1,.416,8th of 8,
PHI,PHI,1958,Philadelphia Phillies,NL,,154,69,85,0,.448,8th of 8,
PHI,PHI,1957,Philadelphia Phillies,NL,,156,77,77,2,.500,5th of 8,
PHI,PHI,1956,Philadelphia Phillies,NL,,154,71,83,0,.461,5th of 8,
PHI,PHI,1955,Philadelphia Phillies,NL,,154,77,77,0,.500,4th of 8,
PHI,PHI,1954,Philadelphia Phillies,NL,,154,75,79,0,.487,4th of 8,
PHI,PHI,1953,Philadelphia Phillies,NL,,156,83,71,2,.539,3rd of 8,
PHI,PHI,1952,Philadelphia Phillies,NL,,154,87,67,0,.565,4th of 8,
PHI,PHI,1951,Philadelphia Phillies,NL,,154,73,81,0,.474,5th of 8,
PHI,PHI,1950,Philadelphia Phillies,NL,,157,91,63,3,.591,1st of 8,Lost WS (4-0)
PHI,PHI,1949,Philadelphia Phillies,NL,,154,81,73,0,.526,3rd of 8,
PHI,PHI,1948,Philadelphia Phillies,NL,,155,66,88,1,.429,6th of 8,
PHI,PHI,1947,Philadelphia Phillies,NL,,155,62,92,1,.403,7th of 8,
PHI,PHI,1946,Philadelphia Phillies,NL,,155,69,85,1,.448,5th of 8,
PHI,PHI,1945,Philadelphia Phillies,NL,,154,46,108,0,.299,8th of 8,
PHI,PHI,1944,Philadelphia Phillies,NL,,154,61,92,1,.399,8th of 8,
PHI,PHI,1943,Philadelphia Phillies,NL,,157,64,90,3,.416,7th of 8,
PHI,PHI,1942,Philadelphia Phils,NL,,151,42,109,0,.278,8th of 8,
PHI,PHI,1941,Philadelphia Phillies,NL,,155,43,111,1,.279,8th of 8,
PHI,PHI,1940,Philadelphia Phillies,NL,,153,50,103,0,.327,8th of 8,
PHI,PHI,1939,Philadelphia Phillies,NL,,152,45,106,1,.298,8th of 8,
PHI,PHI,1938,Philadelphia Phillies,NL,,151,45,105,1,.300,8th of 8,
PHI,PHI,1937,Philadelphia Phillies,NL,,155,61,92,2,.399,7th of 8,
PHI,PHI,1936,Philadelphia Phillies,NL,,154,54,100,0,.351,8th of 8,
PHI,PHI,1935,Philadelphia Phillies,NL,,156,64,89,3,.418,7th of 8,
PHI,PHI,1934,Philadelphia Phillies,NL,,149,56,93,0,.376,7th of 8,
PHI,PHI,1933,Philadelphia Phillies,NL,,152,60,92,0,.395,7th of 8,
PHI,PHI,1932,Philadelphia Phillies,NL,,154,78,76,0,.506,4th of 8,
PHI,PHI,1931,Philadelphia Phillies,NL,,155,66,88,1,.429,6th of 8,
PHI,PHI,1930,Philadelphia Phillies,NL,,156,52,102,2,.338,8th of 8,
PHI,PHI,1929,Philadelphia Phillies,NL,,154,71,82,1,.464,5th of 8,
PHI,PHI,1928,Philadelphia Phillies,NL,,152,43,109,0,.283,8th of 8,
PHI,PHI,1927,Philadelphia Phillies,NL,,155,51,103,1,.331,8th of 8,
PHI,PHI,1926,Philadelphia Phillies,NL,,152,58,93,1,.384,8th of 8,
PHI,PHI,1925,Philadelphia Phillies,NL,,153,68,85,0,.444,6th of 8,
PHI,PHI,1924,Philadelphia Phillies,NL,,152,55,96,1,.364,7th of 8,
PHI,PHI,1923,Philadelphia Phillies,NL,,155,50,104,1,.325,8th of 8,
PHI,PHI,1922,Philadelphia Phillies,NL,,154,57,96,1,.373,7th of 8,
PHI,PHI,1921,Philadelphia Phillies,NL,,154,51,103,0,.331,8th of 8,
PHI,PHI,1920,Philadelphia Phillies,NL,,153,62,91,0,.405,8th of 8,
PHI,PHI,1919,Philadelphia Phillies,NL,,138,47,90,1,.343,8th of 8,
PHI,PHI,1918,Philadelphia Phillies,NL,,125,55,68,2,.447,6th of 8,
PHI,PHI,1917,Philadelphia Phillies,NL,,154,87,65,2,.572,2nd of 8,
PHI,PHI,1916,Philadelphia Phillies,NL,,154,91,62,1,.595,2nd of 8,
PHI,PHI,1915,Philadelphia Phillies,NL,,153,90,62,1,.592,1st of 8,Lost WS (4-1)
PHI,PHI,1914,Philadelphia Phillies,NL,,154,74,80,0,.481,6th of 8,
PHI,PHI,1913,Philadelphia Phillies,NL,,159,88,63,8,.583,2nd of 8,
PHI,PHI,1912,Philadelphia Phillies,NL,,152,73,79,0,.480,5th of 8,
PHI,PHI,1911,Philadelphia Phillies,NL,,153,79,73,1,.520,4th of 8,
PHI,PHI,1910,Philadelphia Phillies,NL,,157,78,75,4,.510,4th of 8,
PHI,PHI,1909,Philadelphia Phillies,NL,,154,74,79,1,.484,5th of 8,
PHI,PHI,1908,Philadelphia Phillies,NL,,155,83,71,1,.539,4th of 8,
PHI,PHI,1907,Philadelphia Phillies,NL,,149,83,64,2,.565,3rd of 8,
PHI,PHI,1906,Philadelphia Phillies,NL,,154,71,82,1,.464,4th of 8,
PHI,PHI,1905,Philadelphia Phillies,NL,,155,83,69,3,.546,4th of 8,
PHI,PHI,1904,Philadelphia Phillies,NL,,155,52,100,3,.342,8th of 8,
PHI,PHI,1903,Philadelphia Phillies,NL,,139,49,86,4,.363,7th of 8,
PHI,PHI,1902,Philadelphia Phillies,NL,,138,56,81,1,.409,7th of 8,
PHI,PHI,1901,Philadelphia Phillies,NL,,140,83,57,0,.593,2nd of 8,
PHI,PHI,1900,Philadelphia Phillies,NL,,141,75,63,3,.543,3rd of 8,
PHI,PHI,1899,Philadelphia Phillies,NL,,154,94,58,2,.618,3rd of 12,
PHI,PHI,1898,Philadelphia Phillies,NL,,150,78,71,1,.523,6th of 12,
PHI,PHI,1897,Philadelphia Phillies,NL,,134,55,77,2,.417,10th of 12,
PHI,PHI,1896,Philadelphia Phillies,NL,,130,62,68,0,.477,8th of 12,
PHI,PHI,1895,Philadelphia Phillies,NL,,133,78,53,2,.595,3rd of 12,
PHI,PHI,1894,Philadelphia Phillies,NL,,132,71,57,4,.555,4th of 12,
PHI,PHI,1893,Philadelphia Phillies,NL,,133,72,57,4,.558,4th of 12,
PHI,PHI,1892,Philadelphia Phillies,NL,,155,87,66,2,.569,4th of 12,
PHI,PHI,1891,Philadelphia Phillies,NL,,138,68,69,1,.496,4th of 8,
PHI,PHI,1890,Philadelphia Phillies,NL,,133,78,53,2,.595,3rd of 8,
PHI,PHI,1889,Philadelphia Phillies,NL,,130,63,64,3,.496,4th of 8,
PHI,PHI,1888,Philadelphia Phillies,NL,,132,69,61,2,.531,3rd of 8,
PHI,PHI,1887,Philadelphia Phillies,NL,,128,75,48,5,.610,2nd of 8,
PHI,PHI,1886,Philadelphia Phillies,NL,,119,71,43,5,.623,4th of 8,
PHI,PHI,1885,Philadelphia,NL,,111,56,54,1,.509,3rd of 8,
PHI,PHI,1884,Philadelphia,NL,,113,39,73,1,.348,6th of 8,
PHI,PHI,1883,Philadelphia,NL,,99,17,81,1,.173,8th of 8,
WSN,WSN,2026,Washington Nationals,NL,East,112,55,57,0,.491,4th of 5,
WSN,WSN,2025,Washington Nationals,NL,East,162,66,96,0,.407,5th of 5,
WSN,WSN,2024,Washington Nationals,NL,East,162,71,91,0,.438,4th of 5,
WSN,WSN,2023,Washington Nationals,NL,East,162,71,91,0,.438,5th of 5,
WSN,WSN,2022,Washington Nationals,NL,East,162,55,107,0,.340,5th of 5,
WSN,WSN,2021,Washington Nationals,NL,East,162,65,97,0,.401,5th of 5,
WSN,WSN,2020,Washington Nationals,NL,East,60,26,34,0,.433,5th of 5,
WSN,WSN,2019,Washington Nationals,NL,East,162,93,69,0,.574,2nd of 5,Won WS (4-3)
WSN,WSN,2018,Washington Nationals,NL,East,162,82,80,0,.506,2nd of 5,
WSN,WSN,2017,Washington Nationals,NL,East,162,97,65,0,.599,1st of 5,Lost NLDS (3-2)
WSN,WSN,2016,Washington Nationals,NL,East,162,95,67,0,.586,1st of 5,Lost NLDS (3-2)
WSN,WSN,2015,Washington Nationals,NL,East,162,83,79,0,.512,2nd of 5,
WSN,WSN,2014,Washington Nationals,NL,East,162,96,66,0,.593,1st of 5,Lost NLDS (3-1)
WSN,WSN,2013,Washington Nationals,NL,East,162,86,76,0,.531,2nd of 5,
WSN,WSN,2012,Washington Nationals,NL,East,162,98,64,0,.605,1st of 5,Lost NLDS (3-2)
WSN,WSN,2011,Washington Nationals,NL,East,161,80,81,0,.497,3rd of 5,
WSN,WSN,2010,Washington Nationals,NL,East,162,69,93,0,.426,5th of 5,
WSN,WSN,2009,Washington Nationals,NL,East,162,59,103,0,.364,5th of 5,
WSN,WSN,2008,Washington Nationals,NL,East,161,59,102,0,.366,5th of 5,
WSN,WSN,2007,Washington Nationals,NL,East,162,73,89,0,.451,4th of 5,
WSN,WSN,2006,Washington Nationals,NL,East,162,71,91,0,.438,5th of 5,
WSN,WSN,2005,Washington Nationals,NL,East,162,81,81,0,.500,5th of 5,
WSN,MON,2004,Montreal Expos,NL,East,162,67,95,0,.414,5th of 5,
WSN,MON,2003,Montreal Expos,NL,East,162,83,79,0,.512,4th of 5,
WSN,MON,2002,Montreal Expos,NL,East,162,83,79,0,.512,2nd of 5,
WSN,MON,2001,Montreal Expos,NL,East,162,68,94,0,.420,5th of 5,
WSN,MON,2000,Montreal Expos,NL,East,162,67,95,0,.414,4th of 5,
WSN,MON,1999,Montreal Expos,NL,East,162,68,94,0,.420,4th of 5,
WSN,MON,1998,Montreal Expos,NL,East,162,65,97,0,.401,4th of 5,
WSN,MON,1997,Montreal Expos,NL,East,162,78,84,0,.481,4th of 5,
WSN,MON,1996,Montreal Expos,NL,East,162,88,74,0,.543,2nd of 5,
WSN,MON,1995,Montreal Expos,NL,East,144,66,78,0,.458,5th of 5,
WSN,MON,1994,Montreal Expos,NL,East,114,74,40,0,.649,1st of 5,
WSN,MON,1993,Montreal Expos,NL,East,163,94,68,1,.580,2nd of 7,
WSN,MON,1992,Montreal Expos,NL,East,162,87,75,0,.537,2nd of 6,
WSN,MON,1991,Montreal Expos,NL,East,161,71,90,0,.441,6th of 6,
WSN,MON,1990,Montreal Expos,NL,East,162,85,77,0,.525,3rd of 6,
WSN,MON,1989,Montreal Expos,NL,East,162,81,81,0,.500,4th of 6,
WSN,MON,1988,Montreal Expos,NL,East,163,81,81,1,.500,3rd of 6,
WSN,MON,1987,Montreal Expos,NL,East,162,91,71,0,.562,3rd of 6,
WSN,MON,1986,Montreal Expos,NL,East,161,78,83,0,.484,4th of 6,
WSN,MON,1985,Montreal Expos,NL,East,161,84,77,0,.522,3rd of 6,
WSN,MON,1984,Montreal Expos,NL,East,161,78,83,0,.484,5th of 6,
WSN,MON,1983,Montreal Expos,NL,East,163,82,80,1,.506,3rd of 6,
WSN,MON,1982,Montreal Expos,NL,East,162,86,76,0,.531,3rd of 6,
WSN,MON,1981,Montreal Expos,NL,East,108,60,48,0,.556,2nd of 6,Lost NLCS (3-2)
WSN,MON,1980,Montreal Expos,NL,East,162,90,72,0,.556,2nd of 6,
WSN,MON,1979,Montreal Expos,NL,East,160,95,65,0,.594,2nd of 6,
WSN,MON,1978,Montreal Expos,NL,East,162,76,86,0,.469,4th of 6,
WSN,MON,1977,Montreal Expos,NL,East,162,75,87,0,.463,5th of 6,
WSN,MON,1976,Montreal Expos,NL,East,162,55,107,0,.340,6th of 6,
WSN,MON,1975,Montreal Expos,NL,East,162,75,87,0,.463,5th of 6,
WSN,MON,1974,Montreal Expos,NL,East,161,79,82,0,.491,4th of 6,
WSN,MON,1973,Montreal Expos,NL,East,162,79,83,0,.488,4th of 6,
WSN,MON,1972,Montreal Expos,NL,East,156,70,86,0,.449,5th of 6,
WSN,MON,1971,Montreal Expos,NL,East,162,71,90,1,.441,5th of 6,
WSN,MON,1970,Montreal Expos,NL,East,162,73,89,0,.451,6th of 6,
WSN,MON,1969,Montreal Expos,NL,East,162,52,110,0,.321,6th of 6,
FLA,MIA,2026,Miami Marlins,NL,East,112,57,55,0,.509,3rd of 5,
FLA,MIA,2025,Miami Marlins,NL,East,162,79,83,0,.488,3rd of 5,
FLA,MIA,2024,Miami Marlins,NL,East,162,62,100,0,.383,5th of 5,
FLA,MIA,2023,Miami Marlins,NL,East,162,84,78,0,.519,3rd of 5,Lost NLWC (2-0)
FLA,MIA,2022,Miami Marlins,NL,East,162,69,93,0,.426,4th of 5,
FLA,MIA,2021,Miami Marlins,NL,East,162,67,95,0,.414,4th of 5,
FLA,MIA,2020,Miami Marlins,NL,East,60,31,29,0,.517,2nd of 5,Lost NLDS (3-0)
FLA,MIA,2019,Miami Marlins,NL,East,162,57,105,0,.352,5th of 5,
FLA,MIA,2018,Miami Marlins,NL,East,161,63,98,0,.391,5th of 5,
FLA,MIA,2017,Miami Marlins,NL,East,162,77,85,0,.475,2nd of 5,
FLA,MIA,2016,Miami Marlins,NL,East,161,79,82,0,.491,3rd of 5,
FLA,MIA,2015,Miami Marlins,NL,East,162,71,91,0,.438,3rd of 5,
FLA,MIA,2014,Miami Marlins,NL,East,162,77,85,0,.475,4th of 5,
FLA,MIA,2013,Miami Marlins,NL,East,162,62,100,0,.383,5th of 5,
FLA,MIA,2012,Miami Marlins,NL,East,162,69,93,0,.426,5th of 5,
FLA,FLA,2011,Florida Marlins,NL,East,162,72,90,0,.444,5th of 5,
FLA,FLA,2010,Florida Marlins,NL,East,162,80,82,0,.494,3rd of 5,
FLA,FLA,2009,Florida Marlins,NL,East,162,87,75,0,.537,2nd of 5,
FLA,FLA,2008,Florida Marlins,NL,East,161,84,77,0,.522,3rd of 5,
FLA,FLA,2007,Florida Marlins,NL,East,162,71,91,0,.438,5th of 5,
FLA,FLA,2006,Florida Marlins,NL,East,162,78,84,0,.481,4th of 5,
FLA,FLA,2005,Florida Marlins,NL,East,162,83,79,0,.512,3rd of 5,
FLA,FLA,2004,Florida Marlins,NL,East,162,83,79,0,.512,3rd of 5,
FLA,FLA,2003,Florida Marlins,NL,East,162,91,71,0,.562,2nd of 5,Won WS (4-2)
FLA,FLA,2002,Florida Marlins,NL,East,162,79,83,0,.488,4th of 5,
FLA,FLA,2001,Florida Marlins,NL,East,162,76,86,0,.469,4th of 5,
FLA,FLA,2000,Florida Marlins,NL,East,161,79,82,0,.491,3rd of 5,
FLA,FLA,1999,Florida Marlins,NL,East,162,64,98,0,.395,5th of 5,
FLA,FLA,1998,Florida Marlins,NL,East,162,54,108,0,.333,5th of 5,
FLA,FLA,1997,Florida Marlins,NL,East,162,92,70,0,.568,2nd of 5,Won WS (4-3)
FLA,FLA,1996,Florida Marlins,NL,East,162,80,82,0,.494,3rd of 5,
FLA,FLA,1995,Florida Marlins,NL,East,143,67,76,0,.469,4th of 5,
FLA,FLA,1994,Florida Marlins,NL,East,115,51,64,0,.443,5th of 5,
FLA,FLA,1993,Florida Marlins,NL,East,162,64,98,0,.395,6th of 7,
NYM,NYM,2026,New York Mets,NL,East,112,47,65,0,.420,5th of 5,
NYM,NYM,2025,New York Mets,NL,East,162,83,79,0,.512,2nd of 5,
NYM,NYM,2024,New York Mets,NL,East,162,89,73,0,.549,3rd of 5,Lost NLCS (4-2)
NYM,NYM,2023,New York Mets,NL,East,162,75,87,0,.463,4th of 5,
NYM,NYM,2022,New York Mets,NL,East,162,101,61,0,.623,2nd of 5,Lost NLWC (2-1)
NYM,NYM,2021,New York Mets,NL,East,162,77,85,0,.475,3rd of 5,
NYM,NYM,2020,New York Mets,NL,East,60,26,34,0,.433,4th of 5,
NYM,NYM,2019,New York Mets,NL,East,162,86,76,0,.531,3rd of 5,
NYM,NYM,2018,New York Mets,NL,East,162,77,85,0,.475,4th of 5,
NYM,NYM,2017,New York Mets,NL,East,162,70,92,0,.432,4th of 5,
NYM,NYM,2016,New York Mets,NL,East,162,87,75,0,.537,2nd of 5,Lost NLWC (1-0)
NYM,NYM,2015,New York Mets,NL,East,162,90,72,0,.556,1st of 5,Lost WS (4-1)
NYM,NYM,2014,New York Mets,NL,East,162,79,83,0,.488,2nd of 5,
NYM,NYM,2013,New York Mets,NL,East,162,74,88,0,.457,3rd of 5,
NYM,NYM,2012,New York Mets,NL,East,162,74,88,0,.457,4th of 5,
NYM,NYM,2011,New York Mets,NL,East,162,77,85,0,.475,4th of 5,
NYM,NYM,2010,New York Mets,NL,East,162,79,83,0,.488,4th of 5,
NYM,NYM,2009,New York Mets,NL,East,162,70,92,0,.432,4th of 5,
NYM,NYM,2008,New York Mets,NL,East,162,89,73,0,.549,2nd of 5,
NYM,NYM,2007,New York Mets,NL,East,162,88,74,0,.543,2nd of 5,
NYM,NYM,2006,New York Mets,NL,East,162,97,65,0,.599,1st of 5,Lost NLCS (4-3)
NYM,NYM,2005,New York Mets,NL,East,162,83,79,0,.512,3rd of 5,
NYM,NYM,2004,New York Mets,NL,East,162,71,91,0,.438,4th of 5,
NYM,NYM,2003,New York Mets,NL,East,161,66,95,0,.410,5th of 5,
NYM,NYM,2002,New York Mets,NL,East,161,75,86,0,.466,5th of 5,
NYM,NYM,2001,New York Mets,NL,East,162,82,80,0,.506,3rd of 5,
NYM,NYM,2000,New York Mets,NL,East,162,94,68,0,.580,2nd of 5,Lost WS (4-1)
NYM,NYM,1999,New York Mets,NL,East,163,97,66,0,.595,2nd of 5,Lost NLCS (4-2)
NYM,NYM,1998,New York Mets,NL,East,162,88,74,0,.543,2nd of 5,
NYM,NYM,1997,New York Mets,NL,East,162,88,74,0,.543,3rd of 5,
NYM,NYM,1996,New York Mets,NL,East,162,71,91,0,.438,4th of 5,
NYM,NYM,1995,New York Mets,NL,East,144,69,75,0,.479,2nd of 5,
NYM,NYM,1994,New York Mets,NL,East,113,55,58,0,.487,3rd of 5,
NYM,NYM,1993,New York Mets,NL,East,162,59,103,0,.364,7th of 7,
NYM,NYM,1992,New York Mets,NL,East,162,72,90,0,.444,5th of 6,
NYM,NYM,1991,New York Mets,NL,East,161,77,84,0,.478,5th of 6,
NYM,NYM,1990,New York Mets,NL,East,162,91,71,0,.562,2nd of 6,
NYM,NYM,1989,New York Mets,NL,East,162,87,75,0,.537,2nd of 6,
NYM,NYM,1988,New York Mets,NL,East,160,100,60,0,.625,1st of 6,Lost NLCS (4-3)
NYM,NYM,1987,New York Mets,NL,East,162,92,70,0,.568,2nd of 6,
NYM,NYM,1986,New York Mets,NL,East,162,108,54,0,.667,1st of 6,Won WS (4-3)
NYM,NYM,1985,New York Mets,NL,East,162,98,64,0,.605,2nd of 6,
NYM,NYM,1984,New York Mets,NL,East,162,90,72,0,.556,2nd of 6,
NYM,NYM,1983,New York Mets,NL,East,162,68,94,0,.420,6th of 6,
NYM,NYM,1982,New York Mets,NL,East,162,65,97,0,.401,6th of 6,
NYM,NYM,1981,New York Mets,NL,East,105,41,62,2,.398,5th of 6,
NYM,NYM,1980,New York Mets,NL,East,162,67,95,0,.414,5th of 6,
NYM,NYM,1979,New York Mets,NL,East,163,63,99,1,.389,6th of 6,
NYM,NYM,1978,New York Mets,NL,East,162,66,96,0,.407,6th of 6,
NYM,NYM,1977,New York Mets,NL,East,162,64,98,0,.395,6th of 6,
NYM,NYM,1976,New York Mets,NL,East,162,86,76,0,.531,3rd of 6,
NYM,NYM,1975,New York Mets,NL,East,162,82,80,0,.506,3rd of 6,
NYM,NYM,1974,New York Mets,NL,East,162,71,91,0,.438,5th of 6,
NYM,NYM,1973,New York Mets,NL,East,161,82,79,0,.509,1st of 6,Lost WS (4-3)
NYM,NYM,1972,New York Mets,NL,East,156,83,73,0,.532,3rd of 6,
NYM,NYM,1971,New York Mets,NL,East,162,83,79,0,.512,3rd of 6,
NYM,NYM,1970,New York Mets,NL,East,162,83,79,0,.512,3rd of 6,
NYM,NYM,1969,New York Mets,NL,East,162,100,62,0,.617,1st of 6,Won WS (4-1)
NYM,NYM,1968,New York Mets,NL,,163,73,89,1,.451,9th of 10,
NYM,NYM,1967,New York Mets,NL,,162,61,101,0,.377,10th of 10,
NYM,NYM,1966,New York Mets,NL,,161,66,95,0,.410,9th of 10,
NYM,NYM,1965,New York Mets,NL,,164,50,112,2,.309,10th of 10,
NYM,NYM,1964,New York Mets,NL,,163,53,109,1,.327,10th of 10,
NYM,NYM,1963,New York Mets,NL,,162,51,111,0,.315,10th of 10,
NYM,NYM,1962,New York Mets,NL,,161,40,120,1,.250,10th of 10,
NYY,NYY,2026,New York Yankees,AL,East,111,62,49,0,.559,2nd of 5,
NYY,NYY,2025,New York Yankees,AL,East,162,94,68,0,.580,2nd of 5,Lost ALDS (3-1)
NYY,NYY,2024,New York Yankees,AL,East,162,94,68,0,.580,1st of 5,Lost WS (4-1)
NYY,NYY,2023,New York Yankees,AL,East,162,82,80,0,.506,4th of 5,
NYY,NYY,2022,New York Yankees,AL,East,162,99,63,0,.611,1st of 5,Lost ALCS (4-0)
NYY,NYY,2021,New York Yankees,AL,East,162,92,70,0,.568,2nd of 5,Lost ALWC (1-0)
NYY,NYY,2020,New York Yankees,AL,East,60,33,27,0,.550,2nd of 5,Lost ALDS (3-2)
NYY,NYY,2019,New York Yankees,AL,East,162,103,59,0,.636,1st of 5,Lost ALCS (4-2)
NYY,NYY,2018,New York Yankees,AL,East,162,100,62,0,.617,2nd of 5,Lost ALDS (3-1)
NYY,NYY,2017,New York Yankees,AL,East,162,91,71,0,.562,2nd of 5,Lost ALCS (4-3)
NYY,NYY,2016,New York Yankees,AL,East,162,84,78,0,.519,4th of 5,
NYY,NYY,2015,New York Yankees,AL,East,162,87,75,0,.537,2nd of 5,Lost ALWC (1-0)
NYY,NYY,2014,New York Yankees,AL,East,162,84,78,0,.519,2nd of 5,
NYY,NYY,2013,New York Yankees,AL,East,162,85,77,0,.525,3rd of 5,
NYY,NYY,2012,New York Yankees,AL,East,162,95,67,0,.586,1st of 5,Lost ALCS (4-0)
NYY,NYY,2011,New York Yankees,AL,East,162,97,65,0,.599,1st of 5,Lost ALDS (3-2)
NYY,NYY,2010,New York Yankees,AL,East,162,95,67,0,.586,2nd of 5,Lost ALCS (4-2)
NYY,NYY,2009,New York Yankees,AL,East,162,103,59,0,.636,1st of 5,Won WS (4-2)
NYY,NYY,2008,New York Yankees,AL,East,162,89,73,0,.549,3rd of 5,
NYY,NYY,2007,New York Yankees,AL,East,162,94,68,0,.580,2nd of 5,Lost ALDS (3-1)
NYY,NYY,2006,New York Yankees,AL,East,162,97,65,0,.599,1st of 5,Lost ALDS (3-1)
NYY,NYY,2005,New York Yankees,AL,East,162,95,67,0,.586,1st of 5,Lost ALDS (3-2)
NYY,NYY,2004,New York Yankees,AL,East,162,101,61,0,.623,1st of 5,Lost ALCS (4-3)
NYY,NYY,2003,New York Yankees,AL,East,163,101,61,1,.623,1st of 5,Lost WS (4-2)
NYY,NYY,2002,New York Yankees,AL,East,161,103,58,0,.640,1st of 5,Lost ALDS (3-1)
NYY,NYY,2001,New York Yankees,AL,East,161,95,65,1,.594,1st of 5,Lost WS (4-3)
NYY,NYY,2000,New York Yankees,AL,East,161,87,74,0,.540,1st of 5,Won WS (4-1)
NYY,NYY,1999,New York Yankees,AL,East,162,98,64,0,.605,1st of 5,Won WS (4-0)
NYY,NYY,1998,New York Yankees,AL,East,162,114,48,0,.704,1st of 5,Won WS (4-0)
NYY,NYY,1997,New York Yankees,AL,East,162,96,66,0,.593,2nd of 5,Lost ALDS (3-2)
NYY,NYY,1996,New York Yankees,AL,East,162,92,70,0,.568,1st of 5,Won WS (4-2)
NYY,NYY,1995,New York Yankees,AL,East,145,79,65,1,.549,2nd of 5,Lost ALDS (3-2)
NYY,NYY,1994,New York Yankees,AL,East,113,70,43,0,.619,1st of 5,
NYY,NYY,1993,New York Yankees,AL,East,162,88,74,0,.543,2nd of 7,
NYY,NYY,1992,New York Yankees,AL,East,162,76,86,0,.469,4th of 7,
NYY,NYY,1991,New York Yankees,AL,East,162,71,91,0,.438,5th of 7,
NYY,NYY,1990,New York Yankees,AL,East,162,67,95,0,.414,7th of 7,
NYY,NYY,1989,New York Yankees,AL,East,161,74,87,0,.460,5th of 7,
NYY,NYY,1988,New York Yankees,AL,East,161,85,76,0,.528,5th of 7,
NYY,NYY,1987,New York Yankees,AL,East,162,89,73,0,.549,4th of 7,
NYY,NYY,1986,New York Yankees,AL,East,162,90,72,0,.556,2nd of 7,
NYY,NYY,1985,New York Yankees,AL,East,161,97,64,0,.602,2nd of 7,
NYY,NYY,1984,New York Yankees,AL,East,162,87,75,0,.537,3rd of 7,
NYY,NYY,1983,New York Yankees,AL,East,162,91,71,0,.562,3rd of 7,
NYY,NYY,1982,New York Yankees,AL,East,162,79,83,0,.488,5th of 7,
NYY,NYY,1981,New York Yankees,AL,East,107,59,48,0,.551,4th of 7,Lost WS (4-2)
NYY,NYY,1980,New York Yankees,AL,East,162,103,59,0,.636,1st of 7,Lost ALCS (3-0)
NYY,NYY,1979,New York Yankees,AL,East,160,89,71,0,.556,4th of 7,
NYY,NYY,1978,New York Yankees,AL,East,163,100,63,0,.613,1st of 7,Won WS (4-2)
NYY,NYY,1977,New York Yankees,AL,East,162,100,62,0,.617,1st of 7,Won WS (4-2)
NYY,NYY,1976,New York Yankees,AL,East,159,97,62,0,.610,1st of 6,Lost WS (4-0)
NYY,NYY,1975,New York Yankees,AL,East,160,83,77,0,.519,3rd of 6,
NYY,NYY,1974,New York Yankees,AL,East,162,89,73,0,.549,2nd of 6,
NYY,NYY,1973,New York Yankees,AL,East,162,80,82,0,.494,4th of 6,
NYY,NYY,1972,New York Yankees,AL,East,155,79,76,0,.510,4th of 6,
NYY,NYY,1971,New York Yankees,AL,East,162,82,80,0,.506,4th of 6,
NYY,NYY,1970,New York Yankees,AL,East,163,93,69,1,.574,2nd of 6,
NYY,NYY,1969,New York Yankees,AL,East,162,80,81,1,.497,5th of 6,
NYY,NYY,1968,New York Yankees,AL,,164,83,79,2,.512,5th of 10,
NYY,NYY,1967,New York Yankees,AL,,163,72,90,1,.444,9th of 10,
NYY,NYY,1966,New York Yankees,AL,,160,70,89,1,.440,10th of 10,
NYY,NYY,1965,New York Yankees,AL,,162,77,85,0,.475,6th of 10,
NYY,NYY,1964,New York Yankees,AL,,164,99,63,2,.611,1st of 10,Lost WS (4-3)
NYY,NYY,1963,New York Yankees,AL,,161,104,57,0,.646,1st of 10,Lost WS (4-0)
NYY,NYY,1962,New York Yankees,AL,,162,96,66,0,.593,1st of 10,Won WS (4-3)
NYY,NYY,1961,New York Yankees,AL,,163,109,53,1,.673,1st of 10,Won WS (4-1)
NYY,NYY,1960,New York Yankees,AL,,155,97,57,1,.630,1st of 8,Lost WS (4-3)
NYY,NYY,1959,New York Yankees,AL,,155,79,75,1,.513,3rd of 8,
NYY,NYY,1958,New York Yankees,AL,,155,92,62,1,.597,1st of 8,Won WS (4-3)
NYY,NYY,1957,New York Yankees,AL,,154,98,56,0,.636,1st of 8,Lost WS (4-3)
NYY,NYY,1956,New York Yankees,AL,,154,97,57,0,.630,1st of 8,Won WS (4-3)
NYY,NYY,1955,New York Yankees,AL,,154,96,58,0,.623,1st of 8,Lost WS (4-3)
NYY,NYY,1954,New York Yankees,AL,,155,103,51,1,.669,2nd of 8,
NYY,NYY,1953,New York Yankees,AL,,151,99,52,0,.656,1st of 8,Won WS (4-2)
NYY,NYY,1952,New York Yankees,AL,,154,95,59,0,.617,1st of 8,Won WS (4-3)
NYY,NYY,1951,New York Yankees,AL,,154,98,56,0,.636,1st of 8,Won WS (4-2)
NYY,NYY,1950,New York Yankees,AL,,155,98,56,1,.636,1st of 8,Won WS (4-0)
NYY,NYY,1949,New York Yankees,AL,,155,97,57,1,.630,1st of 8,Won WS (4-1)
NYY,NYY,1948,New York Yankees,AL,,154,94,60,0,.610,3rd of 8,
NYY,NYY,1947,New York Yankees,AL,,155,97,57,1,.630,1st of 8,Won WS (4-3)
NYY,NYY,1946,New York Yankees,AL,,154,87,67,0,.565,3rd of 8,
NYY,NYY,1945,New York Yankees,AL,,152,81,71,0,.533,4th of 8,
NYY,NYY,1944,New York Yankees,AL,,154,83,71,0,.539,3rd of 8,
NYY,NYY,1943,New York Yankees,AL,,155,98,56,1,.636,1st of 8,Won WS (4-1)
NYY,NYY,1942,New York Yankees,AL,,154,103,51,0,.669,1st of 8,Lost WS (4-1)
NYY,NYY,1941,New York Yankees,AL,,156,101,53,2,.656,1st of 8,Won WS (4-1)
NYY,NYY,1940,New York Yankees,AL,,155,88,66,1,.571,3rd of 8,
NYY,NYY,1939,New York Yankees,AL,,152,106,45,1,.702,1st of 8,Won WS (4-0)
NYY,NYY,1938,New York Yankees,AL,,157,99,53,5,.651,1st of 8,Won WS (4-0)
NYY,NYY,1937,New York Yankees,AL,,157,102,52,3,.662,1st of 8,Won WS (4-1)
NYY,NYY,1936,New York Yankees,AL,,155,102,51,2,.667,1st of 8,Won WS (4-2)
NYY,NYY,1935,New York Yankees,AL,,149,89,60,0,.597,2nd of 8,
NYY,NYY,1934,New York Yankees,AL,,154,94,60,0,.610,2nd of 8,
NYY,NYY,1933,New York Yankees,AL,,152,91,59,2,.607,2nd of 8,
NYY,NYY,1932,New York Yankees,AL,,156,107,47,2,.695,1st of 8,Won WS (4-0)
NYY,NYY,1931,New York Yankees,AL,,155,94,59,2,.614,2nd of 8,
NYY,NYY,1930,New York Yankees,AL,,154,86,68,0,.558,3rd of 8,
NYY,NYY,1929,New York Yankees,AL,,154,88,66,0,.571,2nd of 8,
NYY,NYY,1928,New York Yankees,AL,,154,101,53,0,.656,1st of 8,Won WS (4-0)
NYY,NYY,1927,New York Yankees,AL,,155,110,44,1,.714,1st of 8,Won WS (4-0)
NYY,NYY,1926,New York Yankees,AL,,155,91,63,1,.591,1st of 8,Lost WS (4-3)
NYY,NYY,1925,New York Yankees,AL,,156,69,85,2,.448,7th of 8,
NYY,NYY,1924,New York Yankees,AL,,153,89,63,1,.586,2nd of 8,
NYY,NYY,1923,New York Yankees,AL,,152,98,54,0,.645,1st of 8,Won WS (4-2)
NYY,NYY,1922,New York Yankees,AL,,154,94,60,0,.610,1st of 8,Lost WS (4-0-1)
NYY,NYY,1921,New York Yankees,AL,,153,98,55,0,.641,1st of 8,Lost WS (5-3)
NYY,NYY,1920,New York Yankees,AL,,154,95,59,0,.617,3rd of 8,
NYY,NYY,1919,New York Yankees,AL,,141,80,59,2,.576,3rd of 8,
NYY,NYY,1918,New York Yankees,AL,,126,60,63,3,.488,4th of 8,
NYY,NYY,1917,New York Yankees,AL,,155,71,82,2,.464,6th of 8,
NYY,NYY,1916,New York Yankees,AL,,156,80,74,2,.519,4th of 8,
NYY,NYY,1915,New York Yankees,AL,,154,69,83,2,.454,5th of 8,
NYY,NYY,1914,New York Yankees,AL,,157,70,84,3,.455,6th of 8,
NYY,NYY,1913,New York Yankees,AL,,153,57,94,2,.377,7th of 8,
NYY,NYY,1912,New York Highlanders,AL,,153,50,102,1,.329,8th of 8,
NYY,NYY,1911,New York Highlanders,AL,,153,76,76,1,.500,6th of 8,
NYY,NYY,1910,New York Highlanders,AL,,156,88,63,5,.583,2nd of 8,
NYY,NYY,1909,New York Highlanders,AL,,153,74,77,2,.490,5th of 8,
NYY,NYY,1908,New York Highlanders,AL,,155,51,103,1,.331,8th of 8,
NYY,NYY,1907,New York Highlanders,AL,,152,70,78,4,.473,5th of 8,
NYY,NYY,1906,New York Highlanders,AL,,155,90,61,4,.596,2nd of 8,
NYY,NYY,1905,New York Highlanders,AL,,152,71,78,3,.477,6th of 8,
NYY,NYY,1904,New York Highlanders,AL,,155,92,59,4,.609,2nd of 8,
NYY,NYY,1903,New York Highlanders,AL,,136,72,62,2,.537,4th of 8,
TBD,TBR,2026,Tampa Bay Rays,AL,East,110,65,45,0,.591,1st of 5,
TBD,TBR,2025,Tampa Bay Rays,AL,East,162,77,85,0,.475,4th of 5,
TBD,TBR,2024,Tampa Bay Rays,AL,East,162,80,82,0,.494,4th of 5,
TBD,TBR,2023,Tampa Bay Rays,AL,East,162,99,63,0,.611,2nd of 5,Lost ALWC (2-0)
TBD,TBR,2022,Tampa Bay Rays,AL,East,162,86,76,0,.531,3rd of 5,Lost ALWC (2-0)
TBD,TBR,2021,Tampa Bay Rays,AL,East,162,100,62,0,.617,1st of 5,Lost ALDS (3-1)
TBD,TBR,2020,Tampa Bay Rays,AL,East,60,40,20,0,.667,1st of 5,Lost WS (4-2)
TBD,TBR,2019,Tampa Bay Rays,AL,East,162,96,66,0,.593,2nd of 5,Lost ALDS (3-2)
TBD,TBR,2018,Tampa Bay Rays,AL,East,162,90,72,0,.556,3rd of 5,
TBD,TBR,2017,Tampa Bay Rays,AL,East,162,80,82,0,.494,3rd of 5,
TBD,TBR,2016,Tampa Bay Rays,AL,East,162,68,94,0,.420,5th of 5,
TBD,TBR,2015,Tampa Bay Rays,AL,East,162,80,82,0,.494,4th of 5,
TBD,TBR,2014,Tampa Bay Rays,AL,East,162,77,85,0,.475,4th of 5,
TBD,TBR,2013,Tampa Bay Rays,AL,East,163,92,71,0,.564,2nd of 5,Lost ALDS (3-1)
TBD,TBR,2012,Tampa Bay Rays,AL,East,162,90,72,0,.556,3rd of 5,
TBD,TBR,2011,Tampa Bay Rays,AL,East,162,91,71,0,.562,2nd of 5,Lost ALDS (3-1)
TBD,TBR,2010,Tampa Bay Rays,AL,East,162,96,66,0,.593,1st of 5,Lost ALDS (3-2)
TBD,TBR,2009,Tampa Bay Rays,AL,East,162,84,78,0,.519,3rd of 5,
TBD,TBR,2008,Tampa Bay Rays,AL,East,162,97,65,0,.599,1st of 5,Lost WS (4-1)
TBD,TBD,2007,Tampa Bay Devil Rays,AL,East,162,66,96,0,.407,5th of 5,
TBD,TBD,2006,Tampa Bay Devil Rays,AL,East,162,61,101,0,.377,5th of 5,
TBD,TBD,2005,Tampa Bay Devil Rays,AL,East,162,67,95,0,.414,5th of 5,
TBD,TBD,2004,Tampa Bay Devil Rays,AL,East,161,70,91,0,.435,4th of 5,
TBD,TBD,2003,Tampa Bay Devil Rays,AL,East,162,63,99,0,.389,5th of 5,
TBD,TBD,2002,Tampa Bay Devil Rays,AL,East,161,55,106,0,.342,5th of 5,
TBD,TBD,2001,Tampa Bay Devil Rays,AL,East,162,62,100,0,.383,5th of 5,
TBD,TBD,2000,Tampa Bay Devil Rays,AL,East,161,69,92,0,.429,5th of 5,
TBD,TBD,1999,Tampa Bay Devil Rays,AL,East,162,69,93,0,.426,5th of 5,
TBD,TBD,1998,Tampa Bay Devil Rays,AL,East,162,63,99,0,.389,5th of 5,
TOR,TOR,2026,Toronto Blue Jays,AL,East,111,52,59,0,.468,5th of 5,
TOR,TOR,2025,Toronto Blue Jays,AL,East,162,94,68,0,.580,1st of 5,Lost WS (4-3)
TOR,TOR,2024,Toronto Blue Jays,AL,East,162,74,88,0,.457,5th of 5,
TOR,TOR,2023,Toronto Blue Jays,AL,East,162,89,73,0,.549,3rd of 5,Lost ALWC (2-0)
TOR,TOR,2022,Toronto Blue Jays,AL,East,162,92,70,0,.568,2nd of 5,Lost ALWC (2-0)
TOR,TOR,2021,Toronto Blue Jays,AL,East,162,91,71,0,.562,4th of 5,
TOR,TOR,2020,Toronto Blue Jays,AL,East,60,32,28,0,.533,3rd of 5,Lost ALWC (2-0)
TOR,TOR,2019,Toronto Blue Jays,AL,East,162,67,95,0,.414,4th of 5,
TOR,TOR,2018,Toronto Blue Jays,AL,East,162,73,89,0,.451,4th of 5,
TOR,TOR,2017,Toronto Blue Jays,AL,East,162,76,86,0,.469,4th of 5,
TOR,TOR,2016,Toronto Blue Jays,AL,East,162,89,73,0,.549,2nd of 5,Lost ALCS (4-1)
TOR,TOR,2015,Toronto Blue Jays,AL,East,162,93,69,0,.574,1st of 5,Lost ALCS (4-2)
TOR,TOR,2014,Toronto Blue Jays,AL,East,162,83,79,0,.512,3rd of 5,
TOR,TOR,2013,Toronto Blue Jays,AL,East,162,74,88,0,.457,5th of 5,
TOR,TOR,2012,Toronto Blue Jays,AL,East,162,73,89,0,.451,4th of 5,
TOR,TOR,2011,Toronto Blue Jays,AL,East,162,81,81,0,.500,4th of 5,
TOR,TOR,2010,Toronto Blue Jays,AL,East,162,85,77,0,.525,4th of 5,
TOR,TOR,2009,Toronto Blue Jays,AL,East,162,75,87,0,.463,4th of 5,
TOR,TOR,2008,Toronto Blue Jays,AL,East,162,86,76,0,.531,4th of 5,
TOR,TOR,2007,Toronto Blue Jays,AL,East,162,83,79,0,.512,3rd of 5,
TOR,TOR,2006,Toronto Blue Jays,AL,East,162,87,75,0,.537,2nd of 5,
TOR,TOR,2005,Toronto Blue Jays,AL,East,162,80,82,0,.494,3rd of 5,
TOR,TOR,2004,Toronto Blue Jays,AL,East,161,67,94,0,.416,5th of 5,
TOR,TOR,2003,Toronto Blue Jays,AL,East,162,86,76,0,.531,3rd of 5,
TOR,TOR,2002,Toronto Blue Jays,AL,East,162,78,84,0,.481,3rd of 5,
TOR,TOR,2001,Toronto Blue Jays,AL,East,162,80,82,0,.494,3rd of 5,
TOR,TOR,2000,Toronto Blue Jays,AL,East,162,83,79,0,.512,3rd of 5,
TOR,TOR,1999,Toronto Blue Jays,AL,East,162,84,78,0,.519,3rd of 5,
TOR,TOR,1998,Toronto Blue Jays,AL,East,163,88,74,1,.543,3rd of 5,
TOR,TOR,1997,Toronto Blue Jays,AL,East,162,76,86,0,.469,5th of 5,
TOR,TOR,1996,Toronto Blue Jays,AL,East,162,74,88,0,.457,4th of 5,
TOR,TOR,1995,Toronto Blue Jays,AL,East,144,56,88,0,.389,5th of 5,
TOR,TOR,1994,Toronto Blue Jays,AL,East,115,55,60,0,.478,3rd of 5,
TOR,TOR,1993,Toronto Blue Jays,AL,East,162,95,67,0,.586,1st of 7,Won WS (4-2)
TOR,TOR,1992,Toronto Blue Jays,AL,East,162,96,66,0,.593,1st of 7,Won WS (4-2)
TOR,TOR,1991,Toronto Blue Jays,AL,East,162,91,71,0,.562,1st of 7,Lost ALCS (4-1)
TOR,TOR,1990,Toronto Blue Jays,AL,East,162,86,76,0,.531,2nd of 7,
TOR,TOR,1989,Toronto Blue Jays,AL,East,162,89,73,0,.549,1st of 7,Lost ALCS (4-1)
TOR,TOR,1988,Toronto Blue Jays,AL,East,162,87,75,0,.537,3rd of 7,
TOR,TOR,1987,Toronto Blue Jays,AL,East,162,96,66,0,.593,2nd of 7,
TOR,TOR,1986,Toronto Blue Jays,AL,East,163,86,76,1,.531,4th of 7,
TOR,TOR,1985,Toronto Blue Jays,AL,East,161,99,62,0,.615,1st of 7,Lost ALCS (4-3)
TOR,TOR,1984,Toronto Blue Jays,AL,East,163,89,73,1,.549,2nd of 7,
TOR,TOR,1983,Toronto Blue Jays,AL,East,162,89,73,0,.549,4th of 7,
TOR,TOR,1982,Toronto Blue Jays,AL,East,162,78,84,0,.481,6th of 7,
TOR,TOR,1981,Toronto Blue Jays,AL,East,106,37,69,0,.349,7th of 7,
TOR,TOR,1980,Toronto Blue Jays,AL,East,162,67,95,0,.414,7th of 7,
TOR,TOR,1979,Toronto Blue Jays,AL,East,162,53,109,0,.327,7th of 7,
TOR,TOR,1978,Toronto Blue Jays,AL,East,161,59,102,0,.366,7th of 7,
TOR,TOR,1977,Toronto Blue Jays,AL,East,161,54,107,0,.335,7th of 7,
BAL,BAL,2026,Baltimore Orioles,AL,East,111,54,57,0,.486,4th of 5,
BAL,BAL,2025,Baltimore Orioles,AL,East,162,75,87,0,.463,5th of 5,
BAL,BAL,2024,Baltimore Orioles,AL,East,162,91,71,0,.562,2nd of 5,Lost ALWC (2-0)
BAL,BAL,2023,Baltimore Orioles,AL,East,162,101,61,0,.623,1st of 5,Lost ALDS (3-0)
BAL,BAL,2022,Baltimore Orioles,AL,East,162,83,79,0,.512,4th of 5,
BAL,BAL,2021,Baltimore Orioles,AL,East,162,52,110,0,.321,5th of 5,
BAL,BAL,2020,Baltimore Orioles,AL,East,60,25,35,0,.417,4th of 5,
BAL,BAL,2019,Baltimore Orioles,AL,East,162,54,108,0,.333,5th of 5,
BAL,BAL,2018,Baltimore Orioles,AL,East,162,47,115,0,.290,5th of 5,
BAL,BAL,2017,Baltimore Orioles,AL,East,162,75,87,0,.463,5th of 5,
BAL,BAL,2016,Baltimore Orioles,AL,East,162,89,73,0,.549,2nd of 5,Lost ALWC (1-0)
BAL,BAL,2015,Baltimore Orioles,AL,East,162,81,81,0,.500,3rd of 5,
BAL,BAL,2014,Baltimore Orioles,AL,East,162,96,66,0,.593,1st of 5,Lost ALCS (4-0)
BAL,BAL,2013,Baltimore Orioles,AL,East,162,85,77,0,.525,3rd of 5,
BAL,BAL,2012,Baltimore Orioles,AL,East,162,93,69,0,.574,2nd of 5,Lost ALDS (3-2)
BAL,BAL,2011,Baltimore Orioles,AL,East,162,69,93,0,.426,5th of 5,
BAL,BAL,2010,Baltimore Orioles,AL,East,162,66,96,0,.407,5th of 5,
BAL,BAL,2009,Baltimore Orioles,AL,East,162,64,98,0,.395,5th of 5,
BAL,BAL,2008,Baltimore Orioles,AL,East,161,68,93,0,.422,5th of 5,
BAL,BAL,2007,Baltimore Orioles,AL,East,162,69,93,0,.426,4th of 5,
BAL,BAL,2006,Baltimore Orioles,AL,East,162,70,92,0,.432,4th of 5,
BAL,BAL,2005,Baltimore Orioles,AL,East,162,74,88,0,.457,4th of 5,
BAL,BAL,2004,Baltimore Orioles,AL,East,162,78,84,0,.481,3rd of 5,
BAL,BAL,2003,Baltimore Orioles,AL,East,163,71,91,1,.438,4th of 5,
BAL,BAL,2002,Baltimore Orioles,AL,East,162,67,95,0,.414,4th of 5,
BAL,BAL,2001,Baltimore Orioles,AL,East,162,63,98,1,.391,4th of 5,
BAL,BAL,2000,Baltimore Orioles,AL,East,162,74,88,0,.457,4th of 5,
BAL,BAL,1999,Baltimore Orioles,AL,East,162,78,84,0,.481,4th of 5,
BAL,BAL,1998,Baltimore Orioles,AL,East,162,79,83,0,.488,4th of 5,
BAL,BAL,1997,Baltimore Orioles,AL,East,162,98,64,0,.605,1st of 5,Lost ALCS (4-2)
BAL,BAL,1996,Baltimore Orioles,AL,East,163,88,74,1,.543,2nd of 5,Lost ALCS (4-1)
BAL,BAL,1995,Baltimore Orioles,AL,East,144,71,73,0,.493,3rd of 5,
BAL,BAL,1994,Baltimore Orioles,AL,East,112,63,49,0,.563,2nd of 5,
BAL,BAL,1993,Baltimore Orioles,AL,East,162,85,77,0,.525,3rd of 7,
BAL,BAL,1992,Baltimore Orioles,AL,East,162,89,73,0,.549,3rd of 7,
BAL,BAL,1991,Baltimore Orioles,AL,East,162,67,95,0,.414,6th of 7,
BAL,BAL,1990,Baltimore Orioles,AL,East,161,76,85,0,.472,5th of 7,
BAL,BAL,1989,Baltimore Orioles,AL,East,162,87,75,0,.537,2nd of 7,
BAL,BAL,1988,Baltimore Orioles,AL,East,161,54,107,0,.335,7th of 7,
BAL,BAL,1987,Baltimore Orioles,AL,East,162,67,95,0,.414,6th of 7,
BAL,BAL,1986,Baltimore Orioles,AL,East,162,73,89,0,.451,7th of 7,
BAL,BAL,1985,Baltimore Orioles,AL,East,161,83,78,0,.516,4th of 7,
BAL,BAL,1984,Baltimore Orioles,AL,East,162,85,77,0,.525,5th of 7,
BAL,BAL,1983,Baltimore Orioles,AL,East,162,98,64,0,.605,1st of 7,Won WS (4-1)
BAL,BAL,1982,Baltimore Orioles,AL,East,163,94,68,1,.580,2nd of 7,
BAL,BAL,1981,Baltimore Orioles,AL,East,105,59,46,0,.562,2nd of 7,
BAL,BAL,1980,Baltimore Orioles,AL,East,162,100,62,0,.617,2nd of 7,
BAL,BAL,1979,Baltimore Orioles,AL,East,159,102,57,0,.642,1st of 7,Lost WS (4-3)
BAL,BAL,1978,Baltimore Orioles,AL,East,161,90,71,0,.559,4th of 7,
BAL,BAL,1977,Baltimore Orioles,AL,East,161,97,64,0,.602,2nd of 7,
BAL,BAL,1976,Baltimore Orioles,AL,East,162,88,74,0,.543,2nd of 6,
BAL,BAL,1975,Baltimore Orioles,AL,East,159,90,69,0,.566,2nd of 6,
BAL,BAL,1974,Baltimore Orioles,AL,East,162,91,71,0,.562,1st of 6,Lost ALCS (3-1)
BAL,BAL,1973,Baltimore Orioles,AL,East,162,97,65,0,.599,1st of 6,Lost ALCS (3-2)
BAL,BAL,1972,Baltimore Orioles,AL,East,154,80,74,0,.519,3rd of 6,
BAL,BAL,1971,Baltimore Orioles,AL,East,158,101,57,0,.639,1st of 6,Lost WS (4-3)
BAL,BAL,1970,Baltimore Orioles,AL,East,162,108,54,0,.667,1st of 6,Won WS (4-1)
BAL,BAL,1969,Baltimore Orioles,AL,East,162,109,53,0,.673,1st of 6,Lost WS (4-1)
BAL,BAL,1968,Baltimore Orioles,AL,,162,91,71,0,.562,2nd of 10,
BAL,BAL,1967,Baltimore Orioles,AL,,161,76,85,0,.472,6th of 10,
BAL,BAL,1966,Baltimore Orioles,AL,,160,97,63,0,.606,1st of 10,Won WS (4-0)
BAL,BAL,1965,Baltimore Orioles,AL,,162,94,68,0,.580,3rd of 10,
BAL,BAL,1964,Baltimore Orioles,AL,,163,97,65,1,.599,3rd of 10,
BAL,BAL,1963,Baltimore Orioles,AL,,162,86,76,0,.531,4th of 10,
BAL,BAL,1962,Baltimore Orioles,AL,,162,77,85,0,.475,7th of 10,
BAL,BAL,1961,Baltimore Orioles,AL,,163,95,67,1,.586,3rd of 10,
BAL,BAL,1960,Baltimore Orioles,AL,,154,89,65,0,.578,2nd of 8,
BAL,BAL,1959,Baltimore Orioles,AL,,155,74,80,1,.481,6th of 8,
BAL,BAL,1958,Baltimore Orioles,AL,,154,74,79,1,.484,6th of 8,
BAL,BAL,1957,Baltimore Orioles,AL,,154,76,76,2,.500,5th of 8,
BAL,BAL,1956,Baltimore Orioles,AL,,154,69,85,0,.448,6th of 8,
BAL,BAL,1955,Baltimore Orioles,AL,,156,57,97,2,.370,7th of 8,
BAL,BAL,1954,Baltimore Orioles,AL,,154,54,100,0,.351,7th of 8,
BAL,SLB,1953,St. Louis Browns,AL,,154,54,100,0,.351,8th of 8,
BAL,SLB,1952,St. Louis Browns,AL,,155,64,90,1,.416,7th of 8,
BAL,SLB,1951,St. Louis Browns,AL,,154,52,102,0,.338,8th of 8,
BAL,SLB,1950,St. Louis Browns,AL,,154,58,96,0,.377,7th of 8,
BAL,SLB,1949,St. Louis Browns,AL,,155,53,101,1,.344,7th of 8,
BAL,SLB,1948,St. Louis Browns,AL,,155,59,94,2,.386,6th of 8,
BAL,SLB,1947,St. Louis Browns,AL,,154,59,95,0,.383,8th of 8,
BAL,SLB,1946,St. Louis Browns,AL,,156,66,88,2,.429,7th of 8,
BAL,SLB,1945,St. Louis Browns,AL,,154,81,70,3,.536,3rd of 8,
BAL,SLB,1944,St. Louis Browns,AL,,154,89,65,0,.578,1st of 8,Lost WS (4-2)
BAL,SLB,1943,St. Louis Browns,AL,,153,72,80,1,.474,6th of 8,
BAL,SLB,1942,St. Louis Browns,AL,,151,82,69,0,.543,3rd of 8,
BAL,SLB,1941,St. Louis Browns,AL,,157,70,84,3,.455,6th of 8,
BAL,SLB,1940,St. Louis Browns,AL,,156,67,87,2,.435,6th of 8,
BAL,SLB,1939,St. Louis Browns,AL,,156,43,111,2,.279,8th of 8,
BAL,SLB,1938,St. Louis Browns,AL,,156,55,97,4,.362,7th of 8,
BAL,SLB,1937,St. Louis Browns,AL,,156,46,108,2,.299,8th of 8,
BAL,SLB,1936,St. Louis Browns,AL,,155,57,95,3,.375,7th of 8,
BAL,SLB,1935,St. Louis Browns,AL,,155,65,87,3,.428,7th of 8,
BAL,SLB,1934,St. Louis Browns,AL,,154,67,85,2,.441,6th of 8,
BAL,SLB,1933,St. Louis Browns,AL,,153,55,96,2,.364,8th of 8,
BAL,SLB,1932,St. Louis Browns,AL,,154,63,91,0,.409,6th of 8,
BAL,SLB,1931,St. Louis Browns,AL,,154,63,91,0,.409,5th of 8,
BAL,SLB,1930,St. Louis Browns,AL,,154,64,90,0,.416,6th of 8,
BAL,SLB,1929,St. Louis Browns,AL,,154,79,73,2,.520,4th of 8,
BAL,SLB,1928,St. Louis Browns,AL,,154,82,72,0,.532,3rd of 8,
BAL,SLB,1927,St. Louis Browns,AL,,155,59,94,2,.386,7th of 8,
BAL,SLB,1926,St. Louis Browns,AL,,155,62,92,1,.403,7th of 8,
BAL,SLB,1925,St. Louis Browns,AL,,154,82,71,1,.536,3rd of 8,
BAL,SLB,1924,St. Louis Browns,AL,,153,74,78,1,.487,4th of 8,
BAL,SLB,1923,St. Louis Browns,AL,,154,74,78,2,.487,5th of 8,
BAL,SLB,1922,St. Louis Browns,AL,,154,93,61,0,.604,2nd of 8,
BAL,SLB,1921,St. Louis Browns,AL,,154,81,73,0,.526,3rd of 8,
BAL,SLB,1920,St. Louis Browns,AL,,154,76,77,1,.497,4th of 8,
BAL,SLB,1919,St. Louis Browns,AL,,140,67,72,1,.482,5th of 8,
BAL,SLB,1918,St. Louis Browns,AL,,123,58,64,1,.475,5th of 8,
BAL,SLB,1917,St. Louis Browns,AL,,155,57,97,1,.370,7th of 8,
BAL,SLB,1916,St. Louis Browns,AL,,158,79,75,4,.513,5th of 8,
BAL,SLB,1915,St. Louis Browns,AL,,159,63,91,5,.409,6th of 8,
BAL,SLB,1914,St. Louis Browns,AL,,159,71,82,6,.464,5th of 8,
BAL,SLB,1913,St. Louis Browns,AL,,155,57,96,2,.373,8th of 8,
BAL,SLB,1912,St. Louis Browns,AL,,157,53,101,3,.344,7th of 8,
BAL,SLB,1911,St. Louis Browns,AL,,152,45,107,0,.296,8th of 8,
BAL,SLB,1910,St. Louis Browns,AL,,158,47,107,4,.305,8th of 8,
BAL,SLB,1909,St. Louis Browns,AL,,154,61,89,4,.407,7th of 8,
BAL,SLB,1908,St. Louis Browns,AL,,155,83,69,3,.546,4th of 8,
BAL,SLB,1907,St. Louis Browns,AL,,155,69,83,3,.454,6th of 8,
BAL,SLB,1906,St. Louis Browns,AL,,154,76,73,5,.510,5th of 8,
BAL,SLB,1905,St. Louis Browns,AL,,156,54,99,3,.353,8th of 8,
BAL,SLB,1904,St. Louis Browns,AL,,156,65,87,4,.428,6th of 8,
BAL,SLB,1903,St. Louis Browns,AL,,139,65,74,0,.468,6th of 8,
BAL,SLB,1902,St. Louis Browns,AL,,140,78,58,4,.574,2nd of 8,
BAL,MLA,1901,Milwaukee Brewers,AL,,139,48,89,2,.350,8th of 8,
BOS,BOS,2026,Boston Red Sox,AL,East,110,59,51,0,.536,3rd of 5,
BOS,BOS,2025,Boston Red Sox,AL,East,162,89,73,0,.549,3rd of 5,Lost ALWC (2-1)
BOS,BOS,2024,Boston Red Sox,AL,East,162,81,81,0,.500,3rd of 5,
BOS,BOS,2023,Boston Red Sox,AL,East,162,78,84,0,.481,5th of 5,
BOS,BOS,2022,Boston Red Sox,AL,East,162,78,84,0,.481,5th of 5,
BOS,BOS,2021,Boston Red Sox,AL,East,162,92,70,0,.568,2nd of 5,Lost ALCS (4-2)
BOS,BOS,2020,Boston Red Sox,AL,East,60,24,36,0,.400,5th of 5,
BOS,BOS,2019,Boston Red Sox,AL,East,162,84,78,0,.519,3rd of 5,
BOS,BOS,2018,Boston Red Sox,AL,East,162,108,54,0,.667,1st of 5,Won WS (4-1)
BOS,BOS,2017,Boston Red Sox,AL,East,162,93,69,0,.574,1st of 5,Lost ALDS (3-1)
BOS,BOS,2016,Boston Red Sox,AL,East,162,93,69,0,.574,1st of 5,Lost ALDS (3-0)
BOS,BOS,2015,Boston Red Sox,AL,East,162,78,84,0,.481,5th of 5,
BOS,BOS,2014,Boston Red Sox,AL,East,162,71,91,0,.438,5th of 5,
BOS,BOS,2013,Boston Red Sox,AL,East,162,97,65,0,.599,1st of 5,Won WS (4-2)
BOS,BOS,2012,Boston Red Sox,AL,East,162,69,93,0,.426,5th of 5,
BOS,BOS,2011,Boston Red Sox,AL,East,162,90,72,0,.556,3rd of 5,
BOS,BOS,2010,Boston Red Sox,AL,East,162,89,73,0,.549,3rd of 5,
BOS,BOS,2009,Boston Red Sox,AL,East,162,95,67,0,.586,2nd of 5,Lost ALDS (3-0)
BOS,BOS,2008,Boston Red Sox,AL,East,162,95,67,0,.586,2nd of 5,Lost ALCS (4-3)
BOS,BOS,2007,Boston Red Sox,AL,East,162,96,66,0,.593,1st of 5,Won WS (4-0)
BOS,BOS,2006,Boston Red Sox,AL,East,162,86,76,0,.531,3rd of 5,
BOS,BOS,2005,Boston Red Sox,AL,East,162,95,67,0,.586,2nd of 5,Lost ALDS (3-0)
BOS,BOS,2004,Boston Red Sox,AL,East,162,98,64,0,.605,2nd of 5,Won WS (4-0)
BOS,BOS,2003,Boston Red Sox,AL,East,162,95,67,0,.586,2nd of 5,Lost ALCS (4-3)
BOS,BOS,2002,Boston Red Sox,AL,East,162,93,69,0,.574,2nd of 5,
BOS,BOS,2001,Boston Red Sox,AL,East,161,82,79,0,.509,2nd of 5,
BOS,BOS,2000,Boston Red Sox,AL,East,162,85,77,0,.525,2nd of 5,
BOS,BOS,1999,Boston Red Sox,AL,East,162,94,68,0,.580,2nd of 5,Lost ALCS (4-1)
BOS,BOS,1998,Boston Red Sox,AL,East,162,92,70,0,.568,2nd of 5,Lost ALDS (3-1)
BOS,BOS,1997,Boston Red Sox,AL,East,162,78,84,0,.481,4th of 5,
BOS,BOS,1996,Boston Red Sox,AL,East,162,85,77,0,.525,3rd of 5,
BOS,BOS,1995,Boston Red Sox,AL,East,144,86,58,0,.597,1st of 5,Lost ALDS (3-0)
BOS,BOS,1994,Boston Red Sox,AL,East,115,54,61,0,.470,4th of 5,
BOS,BOS,1993,Boston Red Sox,AL,East,162,80,82,0,.494,5th of 7,
BOS,BOS,1992,Boston Red Sox,AL,East,162,73,89,0,.451,7th of 7,
BOS,BOS,1991,Boston Red Sox,AL,East,162,84,78,0,.519,2nd of 7,
BOS,BOS,1990,Boston Red Sox,AL,East,162,88,74,0,.543,1st of 7,Lost ALCS (4-0)
BOS,BOS,1989,Boston Red Sox,AL,East,162,83,79,0,.512,3rd of 7,
BOS,BOS,1988,Boston Red Sox,AL,East,162,89,73,0,.549,1st of 7,Lost ALCS (4-0)
BOS,BOS,1987,Boston Red Sox,AL,East,162,78,84,0,.481,5th of 7,
BOS,BOS,1986,Boston Red Sox,AL,East,161,95,66,0,.590,1st of 7,Lost WS (4-3)
BOS,BOS,1985,Boston Red Sox,AL,East,163,81,81,1,.500,5th of 7,
BOS,BOS,1984,Boston Red Sox,AL,East,162,86,76,0,.531,4th of 7,
BOS,BOS,1983,Boston Red Sox,AL,East,162,78,84,0,.481,6th of 7,
BOS,BOS,1982,Boston Red Sox,AL,East,162,89,73,0,.549,3rd of 7,
BOS,BOS,1981,Boston Red Sox,AL,East,108,59,49,0,.546,5th of 7,
BOS,BOS,1980,Boston Red Sox,AL,East,160,83,77,0,.519,5th of 7,
BOS,BOS,1979,Boston Red Sox,AL,East,160,91,69,0,.569,3rd of 7,
BOS,BOS,1978,Boston Red Sox,AL,East,163,99,64,0,.607,2nd of 7,
BOS,BOS,1977,Boston Red Sox,AL,East,161,97,64,0,.602,2nd of 7,
BOS,BOS,1976,Boston Red Sox,AL,East,162,83,79,0,.512,3rd of 6,
BOS,BOS,1975,Boston Red Sox,AL,East,160,95,65,0,.594,1st of 6,Lost WS (4-3)
BOS,BOS,1974,Boston Red Sox,AL,East,162,84,78,0,.519,3rd of 6,
BOS,BOS,1973,Boston Red Sox,AL,East,162,89,73,0,.549,2nd of 6,
BOS,BOS,1972,Boston Red Sox,AL,East,155,85,70,0,.548,2nd of 6,
BOS,BOS,1971,Boston Red Sox,AL,East,162,85,77,0,.525,3rd of 6,
BOS,BOS,1970,Boston Red Sox,AL,East,162,87,75,0,.537,3rd of 6,
BOS,BOS,1969,Boston Red Sox,AL,East,162,87,75,0,.537,3rd of 6,
BOS,BOS,1968,Boston Red Sox,AL,,162,86,76,0,.531,4th of 10,
BOS,BOS,1967,Boston Red Sox,AL,,162,92,70,0,.568,1st of 10,Lost WS (4-3)
BOS,BOS,1966,Boston Red Sox,AL,,162,72,90,0,.444,9th of 10,
BOS,BOS,1965,Boston Red Sox,AL,,162,62,100,0,.383,9th of 10,
BOS,BOS,1964,Boston Red Sox,AL,,162,72,90,0,.444,8th of 10,
BOS,BOS,1963,Boston Red Sox,AL,,161,76,85,0,.472,7th of 10,
BOS,BOS,1962,Boston Red Sox,AL,,160,76,84,0,.475,8th of 10,
BOS,BOS,1961,Boston Red Sox,AL,,163,76,86,1,.469,6th of 10,
BOS,BOS,1960,Boston Red Sox,AL,,154,65,89,0,.422,7th of 8,
BOS,BOS,1959,Boston Red Sox,AL,,154,75,79,0,.487,5th of 8,
BOS,BOS,1958,Boston Red Sox,AL,,155,79,75,1,.513,3rd of 8,
BOS,BOS,1957,Boston Red Sox,AL,,154,82,72,0,.532,3rd of 8,
BOS,BOS,1956,Boston Red Sox,AL,,155,84,70,1,.545,4th of 8,
BOS,BOS,1955,Boston Red Sox,AL,,154,84,70,0,.545,4th of 8,
BOS,BOS,1954,Boston Red Sox,AL,,156,69,85,2,.448,4th of 8,
BOS,BOS,1953,Boston Red Sox,AL,,153,84,69,0,.549,4th of 8,
BOS,BOS,1952,Boston Red Sox,AL,,154,76,78,0,.494,6th of 8,
BOS,BOS,1951,Boston Red Sox,AL,,154,87,67,0,.565,3rd of 8,
BOS,BOS,1950,Boston Red Sox,AL,,154,94,60,0,.610,3rd of 8,
BOS,BOS,1949,Boston Red Sox,AL,,155,96,58,1,.623,2nd of 8,
BOS,BOS,1948,Boston Red Sox,AL,,155,96,59,0,.619,2nd of 8,
BOS,BOS,1947,Boston Red Sox,AL,,157,83,71,3,.539,3rd of 8,
BOS,BOS,1946,Boston Red Sox,AL,,156,104,50,2,.675,1st of 8,Lost WS (4-3)
BOS,BOS,1945,Boston Red Sox,AL,,157,71,83,3,.461,7th of 8,
BOS,BOS,1944,Boston Red Sox,AL,,156,77,77,2,.500,4th of 8,
BOS,BOS,1943,Boston Red Sox,AL,,155,68,84,3,.447,7th of 8,
BOS,BOS,1942,Boston Red Sox,AL,,152,93,59,0,.612,2nd of 8,
BOS,BOS,1941,Boston Red Sox,AL,,155,84,70,1,.545,2nd of 8,
BOS,BOS,1940,Boston Red Sox,AL,,154,82,72,0,.532,4th of 8,
BOS,BOS,1939,Boston Red Sox,AL,,152,89,62,1,.589,2nd of 8,
BOS,BOS,1938,Boston Red Sox,AL,,150,88,61,1,.591,2nd of 8,
BOS,BOS,1937,Boston Red Sox,AL,,154,80,72,2,.526,5th of 8,
BOS,BOS,1936,Boston Red Sox,AL,,155,74,80,1,.481,6th of 8,
BOS,BOS,1935,Boston Red Sox,AL,,154,78,75,1,.510,4th of 8,
BOS,BOS,1934,Boston Red Sox,AL,,153,76,76,1,.500,4th of 8,
BOS,BOS,1933,Boston Red Sox,AL,,149,63,86,0,.423,7th of 8,
BOS,BOS,1932,Boston Red Sox,AL,,154,43,111,0,.279,8th of 8,
BOS,BOS,1931,Boston Red Sox,AL,,153,62,90,1,.408,6th of 8,
BOS,BOS,1930,Boston Red Sox,AL,,154,52,102,0,.338,8th of 8,
BOS,BOS,1929,Boston Red Sox,AL,,155,58,96,1,.377,8th of 8,
BOS,BOS,1928,Boston Red Sox,AL,,154,57,96,1,.373,8th of 8,
BOS,BOS,1927,Boston Red Sox,AL,,154,51,103,0,.331,8th of 8,
BOS,BOS,1926,Boston Red Sox,AL,,154,46,107,1,.301,8th of 8,
BOS,BOS,1925,Boston Red Sox,AL,,152,47,105,0,.309,8th of 8,
BOS,BOS,1924,Boston Red Sox,AL,,157,67,87,3,.435,7th of 8,
BOS,BOS,1923,Boston Red Sox,AL,,154,61,91,2,.401,8th of 8,
BOS,BOS,1922,Boston Red Sox,AL,,154,61,93,0,.396,8th of 8,
BOS,BOS,1921,Boston Red Sox,AL,,154,75,79,0,.487,5th of 8,
BOS,BOS,1920,Boston Red Sox,AL,,154,72,81,1,.471,5th of 8,
BOS,BOS,1919,Boston Red Sox,AL,,138,66,71,1,.482,6th of 8,
BOS,BOS,1918,Boston Red Sox,AL,,126,75,51,0,.595,1st of 8,Won WS (4-2)
BOS,BOS,1917,Boston Red Sox,AL,,157,90,62,5,.592,2nd of 8,
BOS,BOS,1916,Boston Red Sox,AL,,156,91,63,2,.591,1st of 8,Won WS (4-1)
BOS,BOS,1915,Boston Red Sox,AL,,155,101,50,4,.669,1st of 8,Won WS (4-1)
BOS,BOS,1914,Boston Red Sox,AL,,159,91,62,6,.595,2nd of 8,
BOS,BOS,1913,Boston Red Sox,AL,,151,79,71,1,.527,4th of 8,
BOS,BOS,1912,Boston Red Sox,AL,,154,105,47,2,.691,1st of 8,Won WS (4-3-1)
BOS,BOS,1911,Boston Red Sox,AL,,153,78,75,0,.510,5th of 8,
BOS,BOS,1910,Boston Red Sox,AL,,158,81,72,5,.529,4th of 8,
BOS,BOS,1909,Boston Red Sox,AL,,152,88,63,1,.583,3rd of 8,
BOS,BOS,1908,Boston Red Sox,AL,,155,75,79,1,.487,5th of 8,
BOS,BOS,1907,Boston Americans,AL,,155,59,90,6,.396,7th of 8,
BOS,BOS,1906,Boston Americans,AL,,155,49,105,1,.318,8th of 8,
BOS,BOS,1905,Boston Americans,AL,,153,78,74,1,.513,4th of 8,
BOS,BOS,1904,Boston Americans,AL,,157,95,59,3,.617,1st of 8,
BOS,BOS,1903,Boston Americans,AL,,141,91,47,3,.659,1st of 8,Won WS (5-3)
BOS,BOS,1902,Boston Americans,AL,,138,77,60,1,.562,3rd of 8,
BOS,BOS,1901,Boston Americans,AL,,138,79,57,2,.581,2nd of 8,
CIN,CIN,2026,Cincinnati Reds,NL,Central,110,52,58,0,.473,5th of 5,
CIN,CIN,2025,Cincinnati Reds,NL,Central,162,83,79,0,.512,3rd of 5,Lost NLWC (2-0)
CIN,CIN,2024,Cincinnati Reds,NL,Central,162,77,85,0,.475,4th of 5,
CIN,CIN,2023,Cincinnati Reds,NL,Central,162,82,80,0,.506,3rd of 5,
CIN,CIN,2022,Cincinnati Reds,NL,Central,162,62,100,0,.383,4th of 5,
CIN,CIN,2021,Cincinnati Reds,NL,Central,162,83,79,0,.512,3rd of 5,
CIN,CIN,2020,Cincinnati Reds,NL,Central,60,31,29,0,.517,3rd of 5,Lost NLWC (2-0)
CIN,CIN,2019,Cincinnati Reds,NL,Central,162,75,87,0,.463,4th of 5,
CIN,CIN,2018,Cincinnati Reds,NL,Central,162,67,95,0,.414,5th of 5,
CIN,CIN,2017,Cincinnati Reds,NL,Central,162,68,94,0,.420,5th of 5,
CIN,CIN,2016,Cincinnati Reds,NL,Central,162,68,94,0,.420,5th of 5,
CIN,CIN,2015,Cincinnati Reds,NL,Central,162,64,98,0,.395,5th of 5,
CIN,CIN,2014,Cincinnati Reds,NL,Central,162,76,86,0,.469,4th of 5,
CIN,CIN,2013,Cincinnati Reds,NL,Central,162,90,72,0,.556,3rd of 5,Lost NLWC (1-0)
CIN,CIN,2012,Cincinnati Reds,NL,Central,162,97,65,0,.599,1st of 6,Lost NLDS (3-2)
CIN,CIN,2011,Cincinnati Reds,NL,Central,162,79,83,0,.488,3rd of 6,
CIN,CIN,2010,Cincinnati Reds,NL,Central,162,91,71,0,.562,1st of 6,Lost NLDS (3-0)
CIN,CIN,2009,Cincinnati Reds,NL,Central,162,78,84,0,.481,4th of 6,
CIN,CIN,2008,Cincinnati Reds,NL,Central,162,74,88,0,.457,5th of 6,
CIN,CIN,2007,Cincinnati Reds,NL,Central,162,72,90,0,.444,5th of 6,
CIN,CIN,2006,Cincinnati Reds,NL,Central,162,80,82,0,.494,3rd of 6,
CIN,CIN,2005,Cincinnati Reds,NL,Central,163,73,89,1,.451,5th of 6,
CIN,CIN,2004,Cincinnati Reds,NL,Central,162,76,86,0,.469,4th of 6,
CIN,CIN,2003,Cincinnati Reds,NL,Central,162,69,93,0,.426,5th of 6,
CIN,CIN,2002,Cincinnati Reds,NL,Central,162,78,84,0,.481,3rd of 6,
CIN,CIN,2001,Cincinnati Reds,NL,Central,162,66,96,0,.407,5th of 6,
CIN,CIN,2000,Cincinnati Reds,NL,Central,163,85,77,1,.525,2nd of 6,
CIN,CIN,1999,Cincinnati Reds,NL,Central,163,96,67,0,.589,2nd of 6,
CIN,CIN,1998,Cincinnati Reds,NL,Central,162,77,85,0,.475,4th of 6,
CIN,CIN,1997,Cincinnati Reds,NL,Central,162,76,86,0,.469,3rd of 5,
CIN,CIN,1996,Cincinnati Reds,NL,Central,162,81,81,0,.500,3rd of 5,
CIN,CIN,1995,Cincinnati Reds,NL,Central,144,85,59,0,.590,1st of 5,Lost NLCS (4-0)
CIN,CIN,1994,Cincinnati Reds,NL,Central,115,66,48,1,.579,1st of 5,
CIN,CIN,1993,Cincinnati Reds,NL,West,162,73,89,0,.451,5th of 7,
CIN,CIN,1992,Cincinnati Reds,NL,West,162,90,72,0,.556,2nd of 6,
CIN,CIN,1991,Cincinnati Reds,NL,West,162,74,88,0,.457,5th of 6,
CIN,CIN,1990,Cincinnati Reds,NL,West,162,91,71,0,.562,1st of 6,Won WS (4-0)
CIN,CIN,1989,Cincinnati Reds,NL,West,162,75,87,0,.463,5th of 6,
CIN,CIN,1988,Cincinnati Reds,NL,West,161,87,74,0,.540,2nd of 6,
CIN,CIN,1987,Cincinnati Reds,NL,West,162,84,78,0,.519,2nd of 6,
CIN,CIN,1986,Cincinnati Reds,NL,West,162,86,76,0,.531,2nd of 6,
CIN,CIN,1985,Cincinnati Reds,NL,West,162,89,72,1,.553,2nd of 6,
CIN,CIN,1984,Cincinnati Reds,NL,West,162,70,92,0,.432,5th of 6,
CIN,CIN,1983,Cincinnati Reds,NL,West,162,74,88,0,.457,6th of 6,
CIN,CIN,1982,Cincinnati Reds,NL,West,162,61,101,0,.377,6th of 6,
CIN,CIN,1981,Cincinnati Reds,NL,West,108,66,42,0,.611,1st of 6,
CIN,CIN,1980,Cincinnati Reds,NL,West,163,89,73,1,.549,3rd of 6,
CIN,CIN,1979,Cincinnati Reds,NL,West,161,90,71,0,.559,1st of 6,Lost NLCS (3-0)
CIN,CIN,1978,Cincinnati Reds,NL,West,161,92,69,0,.571,2nd of 6,
CIN,CIN,1977,Cincinnati Reds,NL,West,162,88,74,0,.543,2nd of 6,
CIN,CIN,1976,Cincinnati Reds,NL,West,162,102,60,0,.630,1st of 6,Won WS (4-0)
CIN,CIN,1975,Cincinnati Reds,NL,West,162,108,54,0,.667,1st of 6,Won WS (4-3)
CIN,CIN,1974,Cincinnati Reds,NL,West,163,98,64,1,.605,2nd of 6,
CIN,CIN,1973,Cincinnati Reds,NL,West,162,99,63,0,.611,1st of 6,Lost NLCS (3-2)
CIN,CIN,1972,Cincinnati Reds,NL,West,154,95,59,0,.617,1st of 6,Lost WS (4-3)
CIN,CIN,1971,Cincinnati Reds,NL,West,162,79,83,0,.488,4th of 6,
CIN,CIN,1970,Cincinnati Reds,NL,West,162,102,60,0,.630,1st of 6,Lost WS (4-1)
CIN,CIN,1969,Cincinnati Reds,NL,West,163,89,73,1,.549,3rd of 6,
CIN,CIN,1968,Cincinnati Reds,NL,,163,83,79,1,.512,4th of 10,
CIN,CIN,1967,Cincinnati Reds,NL,,162,87,75,0,.537,4th of 10,
CIN,CIN,1966,Cincinnati Reds,NL,,160,76,84,0,.475,7th of 10,
CIN,CIN,1965,Cincinnati Reds,NL,,162,89,73,0,.549,4th of 10,
CIN,CIN,1964,Cincinnati Reds,NL,,163,92,70,1,.568,2nd of 10,
CIN,CIN,1963,Cincinnati Reds,NL,,162,86,76,0,.531,5th of 10,
CIN,CIN,1962,Cincinnati Reds,NL,,162,98,64,0,.605,3rd of 10,
CIN,CIN,1961,Cincinnati Reds,NL,,154,93,61,0,.604,1st of 8,Lost WS (4-1)
CIN,CIN,1960,Cincinnati Reds,NL,,154,67,87,0,.435,6th of 8,
CIN,CIN,1959,Cincinnati Reds,NL,,154,74,80,0,.481,5th of 8,
CIN,CIN,1958,Cincinnati Redlegs,NL,,154,76,78,0,.494,4th of 8,
CIN,CIN,1957,Cincinnati Redlegs,NL,,154,80,74,0,.519,4th of 8,
CIN,CIN,1956,Cincinnati Redlegs,NL,,155,91,63,1,.591,3rd of 8,
CIN,CIN,1955,Cincinnati Redlegs,NL,,154,75,79,0,.487,5th of 8,
CIN,CIN,1954,Cincinnati Redlegs,NL,,154,74,80,0,.481,5th of 8,
CIN,CIN,1953,Cincinnati Redlegs,NL,,155,68,86,1,.442,6th of 8,
CIN,CIN,1952,Cincinnati Reds,NL,,154,69,85,0,.448,6th of 8,
CIN,CIN,1951,Cincinnati Reds,NL,,155,68,86,1,.442,6th of 8,
CIN,CIN,1950,Cincinnati Reds,NL,,153,66,87,0,.431,6th of 8,
CIN,CIN,1949,Cincinnati Reds,NL,,156,62,92,2,.403,7th of 8,
CIN,CIN,1948,Cincinnati Reds,NL,,153,64,89,0,.418,7th of 8,
CIN,CIN,1947,Cincinnati Reds,NL,,154,73,81,0,.474,5th of 8,
CIN,CIN,1946,Cincinnati Reds,NL,,156,67,87,2,.435,6th of 8,
CIN,CIN,1945,Cincinnati Reds,NL,,154,61,93,0,.396,7th of 8,
CIN,CIN,1944,Cincinnati Reds,NL,,155,89,65,1,.578,3rd of 8,
CIN,CIN,1943,Cincinnati Reds,NL,,155,87,67,1,.565,2nd of 8,
CIN,CIN,1942,Cincinnati Reds,NL,,154,76,76,2,.500,4th of 8,
CIN,CIN,1941,Cincinnati Reds,NL,,154,88,66,0,.571,3rd of 8,
CIN,CIN,1940,Cincinnati Reds,NL,,155,100,53,2,.654,1st of 8,Won WS (4-3)
CIN,CIN,1939,Cincinnati Reds,NL,,156,97,57,2,.630,1st of 8,Lost WS (4-0)
CIN,CIN,1938,Cincinnati Reds,NL,,151,82,68,1,.547,4th of 8,
CIN,CIN,1937,Cincinnati Reds,NL,,155,56,98,1,.364,8th of 8,
CIN,CIN,1936,Cincinnati Reds,NL,,154,74,80,0,.481,5th of 8,
CIN,CIN,1935,Cincinnati Reds,NL,,154,68,85,1,.444,6th of 8,
CIN,CIN,1934,Cincinnati Reds,NL,,152,52,99,1,.344,8th of 8,
CIN,CIN,1933,Cincinnati Reds,NL,,153,58,94,1,.382,8th of 8,
CIN,CIN,1932,Cincinnati Reds,NL,,155,60,94,1,.390,8th of 8,
CIN,CIN,1931,Cincinnati Reds,NL,,154,58,96,0,.377,8th of 8,
CIN,CIN,1930,Cincinnati Reds,NL,,154,59,95,0,.383,7th of 8,
CIN,CIN,1929,Cincinnati Reds,NL,,155,66,88,1,.429,7th of 8,
CIN,CIN,1928,Cincinnati Reds,NL,,153,78,74,1,.513,5th of 8,
CIN,CIN,1927,Cincinnati Reds,NL,,153,75,78,0,.490,5th of 8,
CIN,CIN,1926,Cincinnati Reds,NL,,157,87,67,3,.565,2nd of 8,
CIN,CIN,1925,Cincinnati Reds,NL,,153,80,73,0,.523,3rd of 8,
CIN,CIN,1924,Cincinnati Reds,NL,,153,83,70,0,.542,4th of 8,
CIN,CIN,1923,Cincinnati Reds,NL,,154,91,63,0,.591,2nd of 8,
CIN,CIN,1922,Cincinnati Reds,NL,,156,86,68,2,.558,2nd of 8,
CIN,CIN,1921,Cincinnati Reds,NL,,153,70,83,0,.458,6th of 8,
CIN,CIN,1920,Cincinnati Reds,NL,,154,82,71,1,.536,3rd of 8,
CIN,CIN,1919,Cincinnati Reds,NL,,140,96,44,0,.686,1st of 8,Won WS (5-3)
CIN,CIN,1918,Cincinnati Reds,NL,,129,68,60,1,.531,3rd of 8,
CIN,CIN,1917,Cincinnati Reds,NL,,157,78,76,3,.506,4th of 8,
CIN,CIN,1916,Cincinnati Reds,NL,,155,60,93,2,.392,7th of 8,
CIN,CIN,1915,Cincinnati Reds,NL,,160,71,83,6,.461,7th of 8,
CIN,CIN,1914,Cincinnati Reds,NL,,157,60,94,3,.390,8th of 8,
CIN,CIN,1913,Cincinnati Reds,NL,,156,64,89,3,.418,7th of 8,
CIN,CIN,1912,Cincinnati Reds,NL,,155,75,78,2,.490,4th of 8,
CIN,CIN,1911,Cincinnati Reds,NL,,159,70,83,6,.458,6th of 8,
CIN,CIN,1910,Cincinnati Reds,NL,,156,75,79,2,.487,5th of 8,
CIN,CIN,1909,Cincinnati Reds,NL,,157,77,76,4,.503,4th of 8,
CIN,CIN,1908,Cincinnati Reds,NL,,155,73,81,1,.474,5th of 8,
CIN,CIN,1907,Cincinnati Reds,NL,,156,66,87,3,.431,6th of 8,
CIN,CIN,1906,Cincinnati Reds,NL,,155,64,87,4,.424,6th of 8,
CIN,CIN,1905,Cincinnati Reds,NL,,155,79,74,2,.516,5th of 8,
CIN,CIN,1904,Cincinnati Reds,NL,,157,88,65,4,.575,3rd of 8,
CIN,CIN,1903,Cincinnati Reds,NL,,141,74,65,2,.532,4th of 8,
CIN,CIN,1902,Cincinnati Reds,NL,,141,70,70,1,.500,4th of 8,
CIN,CIN,1901,Cincinnati Reds,NL,,142,52,87,3,.374,8th of 8,
CIN,CIN,1900,Cincinnati Reds,NL,,144,62,77,5,.446,7th of 8,
CIN,CIN,1899,Cincinnati Reds,NL,,157,83,67,7,.553,6th of 12,
CIN,CIN,1898,Cincinnati Reds,NL,,157,92,60,5,.605,3rd of 12,
CIN,CIN,1897,Cincinnati Reds,NL,,134,76,56,2,.576,4th of 12,
CIN,CIN,1896,Cincinnati Reds,NL,,128,77,50,1,.606,3rd of 12,
CIN,CIN,1895,Cincinnati Reds,NL,,132,66,64,2,.508,8th of 12,
CIN,CIN,1894,Cincinnati Reds,NL,,134,55,75,4,.423,10th of 12,
CIN,CIN,1893,Cincinnati Reds,NL,,131,65,63,3,.508,6th of 12,
CIN,CIN,1892,Cincinnati Reds,NL,,155,82,68,5,.547,5th of 12,
CIN,CIN,1891,Cincinnati Reds,NL,,138,56,81,1,.409,7th of 8,
CIN,CIN,1890,Cincinnati Reds,NL,,134,77,55,2,.583,4th of 8,
CIN,CIN,1889,Cincinnati Reds,AA,,141,76,63,2,.547,4th of 8,
CIN,CIN,1888,Cincinnati Reds,AA,,137,80,54,3,.597,4th of 8,
CIN,CIN,1887,Cincinnati Reds,AA,,136,81,54,1,.600,2nd of 8,
CIN,CIN,1886,Cincinnati,AA,,141,65,73,3,.471,5th of 8,
CIN,CIN,1885,Cincinnati,AA,,112,63,49,0,.563,2nd of 8,
CIN,CIN,1884,Cincinnati,AA,,112,68,41,3,.624,5th of 13,
CIN,CIN,1883,Cincinnati,AA,,98,61,37,0,.622,3rd of 8,
CIN,CIN,1882,Cincinnati,AA,,80,55,25,0,.688,1st of 6,
PIT,PIT,2026,Pittsburgh Pirates,NL,Central,112,56,56,0,.500,3rd of 5,
PIT,PIT,2025,Pittsburgh Pirates,NL,Central,162,71,91,0,.438,5th of 5,
PIT,PIT,2024,Pittsburgh Pirates,NL,Central,162,76,86,0,.469,5th of 5,
PIT,PIT,2023,Pittsburgh Pirates,NL,Central,162,76,86,0,.469,4th of 5,
PIT,PIT,2022,Pittsburgh Pirates,NL,Central,162,62,100,0,.383,4th of 5,
PIT,PIT,2021,Pittsburgh Pirates,NL,Central,162,61,101,0,.377,5th of 5,
PIT,PIT,2020,Pittsburgh Pirates,NL,Central,60,19,41,0,.317,5th of 5,
PIT,PIT,2019,Pittsburgh Pirates,NL,Central,162,69,93,0,.426,5th of 5,
PIT,PIT,2018,Pittsburgh Pirates,NL,Central,161,82,79,0,.509,4th of 5,
PIT,PIT,2017,Pittsburgh Pirates,NL,Central,162,75,87,0,.463,4th of 5,
PIT,PIT,2016,Pittsburgh Pirates,NL,Central,162,78,83,1,.484,3rd of 5,
PIT,PIT,2015,Pittsburgh Pirates,NL,Central,162,98,64,0,.605,2nd of 5,Lost NLWC (1-0)
PIT,PIT,2014,Pittsburgh Pirates,NL,Central,162,88,74,0,.543,2nd of 5,Lost NLWC (1-0)
PIT,PIT,2013,Pittsburgh Pirates,NL,Central,162,94,68,0,.580,2nd of 5,Lost NLDS (3-2)
PIT,PIT,2012,Pittsburgh Pirates,NL,Central,162,79,83,0,.488,4th of 6,
PIT,PIT,2011,Pittsburgh Pirates,NL,Central,162,72,90,0,.444,4th of 6,
PIT,PIT,2010,Pittsburgh Pirates,NL,Central,162,57,105,0,.352,6th of 6,
PIT,PIT,2009,Pittsburgh Pirates,NL,Central,161,62,99,0,.385,6th of 6,
PIT,PIT,2008,Pittsburgh Pirates,NL,Central,162,67,95,0,.414,6th of 6,
PIT,PIT,2007,Pittsburgh Pirates,NL,Central,162,68,94,0,.420,6th of 6,
PIT,PIT,2006,Pittsburgh Pirates,NL,Central,162,67,95,0,.414,5th of 6,
PIT,PIT,2005,Pittsburgh Pirates,NL,Central,162,67,95,0,.414,6th of 6,
PIT,PIT,2004,Pittsburgh Pirates,NL,Central,161,72,89,0,.447,5th of 6,
PIT,PIT,2003,Pittsburgh Pirates,NL,Central,162,75,87,0,.463,4th of 6,
PIT,PIT,2002,Pittsburgh Pirates,NL,Central,161,72,89,0,.447,4th of 6,
PIT,PIT,2001,Pittsburgh Pirates,NL,Central,162,62,100,0,.383,6th of 6,
PIT,PIT,2000,Pittsburgh Pirates,NL,Central,162,69,93,0,.426,5th of 6,
PIT,PIT,1999,Pittsburgh Pirates,NL,Central,161,78,83,0,.484,3rd of 6,
PIT,PIT,1998,Pittsburgh Pirates,NL,Central,163,69,93,1,.426,6th of 6,
PIT,PIT,1997,Pittsburgh Pirates,NL,Central,162,79,83,0,.488,2nd of 5,
PIT,PIT,1996,Pittsburgh Pirates,NL,Central,162,73,89,0,.451,5th of 5,
PIT,PIT,1995,Pittsburgh Pirates,NL,Central,144,58,86,0,.403,5th of 5,
PIT,PIT,1994,Pittsburgh Pirates,NL,Central,114,53,61,0,.465,3rd of 5,
PIT,PIT,1993,Pittsburgh Pirates,NL,East,162,75,87,0,.463,5th of 7,
PIT,PIT,1992,Pittsburgh Pirates,NL,East,162,96,66,0,.593,1st of 6,Lost NLCS (4-3)
PIT,PIT,1991,Pittsburgh Pirates,NL,East,162,98,64,0,.605,1st of 6,Lost NLCS (4-3)
PIT,PIT,1990,Pittsburgh Pirates,NL,East,162,95,67,0,.586,1st of 6,Lost NLCS (4-2)
PIT,PIT,1989,Pittsburgh Pirates,NL,East,164,74,88,2,.457,5th of 6,
PIT,PIT,1988,Pittsburgh Pirates,NL,East,160,85,75,0,.531,2nd of 6,
PIT,PIT,1987,Pittsburgh Pirates,NL,East,162,80,82,0,.494,4th of 6,
PIT,PIT,1986,Pittsburgh Pirates,NL,East,162,64,98,0,.395,6th of 6,
PIT,PIT,1985,Pittsburgh Pirates,NL,East,161,57,104,0,.354,6th of 6,
PIT,PIT,1984,Pittsburgh Pirates,NL,East,162,75,87,0,.463,6th of 6,
PIT,PIT,1983,Pittsburgh Pirates,NL,East,162,84,78,0,.519,2nd of 6,
PIT,PIT,1982,Pittsburgh Pirates,NL,East,162,84,78,0,.519,4th of 6,
PIT,PIT,1981,Pittsburgh Pirates,NL,East,103,46,56,1,.451,4th of 6,
PIT,PIT,1980,Pittsburgh Pirates,NL,East,162,83,79,0,.512,3rd of 6,
PIT,PIT,1979,Pittsburgh Pirates,NL,East,163,98,64,1,.605,1st of 6,Won WS (4-3)
PIT,PIT,1978,Pittsburgh Pirates,NL,East,161,88,73,0,.547,2nd of 6,
PIT,PIT,1977,Pittsburgh Pirates,NL,East,162,96,66,0,.593,2nd of 6,
PIT,PIT,1976,Pittsburgh Pirates,NL,East,162,92,70,0,.568,2nd of 6,
PIT,PIT,1975,Pittsburgh Pirates,NL,East,161,92,69,0,.571,1st of 6,Lost NLCS (3-0)
PIT,PIT,1974,Pittsburgh Pirates,NL,East,162,88,74,0,.543,1st of 6,Lost NLCS (3-1)
PIT,PIT,1973,Pittsburgh Pirates,NL,East,162,80,82,0,.494,3rd of 6,
PIT,PIT,1972,Pittsburgh Pirates,NL,East,155,96,59,0,.619,1st of 6,Lost NLCS (3-2)
PIT,PIT,1971,Pittsburgh Pirates,NL,East,162,97,65,0,.599,1st of 6,Won WS (4-3)
PIT,PIT,1970,Pittsburgh Pirates,NL,East,162,89,73,0,.549,1st of 6,Lost NLCS (3-0)
PIT,PIT,1969,Pittsburgh Pirates,NL,East,162,88,74,0,.543,3rd of 6,
PIT,PIT,1968,Pittsburgh Pirates,NL,,163,80,82,1,.494,6th of 10,
PIT,PIT,1967,Pittsburgh Pirates,NL,,163,81,81,1,.500,6th of 10,
PIT,PIT,1966,Pittsburgh Pirates,NL,,162,92,70,0,.568,3rd of 10,
PIT,PIT,1965,Pittsburgh Pirates,NL,,163,90,72,1,.556,3rd of 10,
PIT,PIT,1964,Pittsburgh Pirates,NL,,162,80,82,0,.494,6th of 10,
PIT,PIT,1963,Pittsburgh Pirates,NL,,162,74,88,0,.457,8th of 10,
PIT,PIT,1962,Pittsburgh Pirates,NL,,161,93,68,0,.578,4th of 10,
PIT,PIT,1961,Pittsburgh Pirates,NL,,154,75,79,0,.487,6th of 8,
PIT,PIT,1960,Pittsburgh Pirates,NL,,155,95,59,1,.617,1st of 8,Won WS (4-3)
PIT,PIT,1959,Pittsburgh Pirates,NL,,155,78,76,1,.506,4th of 8,
PIT,PIT,1958,Pittsburgh Pirates,NL,,154,84,70,0,.545,2nd of 8,
PIT,PIT,1957,Pittsburgh Pirates,NL,,155,62,92,1,.403,7th of 8,
PIT,PIT,1956,Pittsburgh Pirates,NL,,157,66,88,3,.429,7th of 8,
PIT,PIT,1955,Pittsburgh Pirates,NL,,154,60,94,0,.390,8th of 8,
PIT,PIT,1954,Pittsburgh Pirates,NL,,154,53,101,0,.344,8th of 8,
PIT,PIT,1953,Pittsburgh Pirates,NL,,154,50,104,0,.325,8th of 8,
PIT,PIT,1952,Pittsburgh Pirates,NL,,155,42,112,1,.273,8th of 8,
PIT,PIT,1951,Pittsburgh Pirates,NL,,155,64,90,1,.416,7th of 8,
PIT,PIT,1950,Pittsburgh Pirates,NL,,154,57,96,1,.373,8th of 8,
PIT,PIT,1949,Pittsburgh Pirates,NL,,154,71,83,0,.461,6th of 8,
PIT,PIT,1948,Pittsburgh Pirates,NL,,156,83,71,2,.539,4th of 8,
PIT,PIT,1947,Pittsburgh Pirates,NL,,156,62,92,2,.403,7th of 8,
PIT,PIT,1946,Pittsburgh Pirates,NL,,155,63,91,1,.409,7th of 8,
PIT,PIT,1945,Pittsburgh Pirates,NL,,155,82,72,1,.532,4th of 8,
PIT,PIT,1944,Pittsburgh Pirates,NL,,158,90,63,5,.588,2nd of 8,
PIT,PIT,1943,Pittsburgh Pirates,NL,,157,80,74,3,.519,4th of 8,
PIT,PIT,1942,Pittsburgh Pirates,NL,,151,66,81,4,.449,5th of 8,
PIT,PIT,1941,Pittsburgh Pirates,NL,,156,81,73,2,.526,4th of 8,
PIT,PIT,1940,Pittsburgh Pirates,NL,,156,78,76,2,.506,4th of 8,
PIT,PIT,1939,Pittsburgh Pirates,NL,,153,68,85,0,.444,6th of 8,
PIT,PIT,1938,Pittsburgh Pirates,NL,,152,86,64,2,.573,2nd of 8,
PIT,PIT,1937,Pittsburgh Pirates,NL,,154,86,68,0,.558,3rd of 8,
PIT,PIT,1936,Pittsburgh Pirates,NL,,156,84,70,2,.545,4th of 8,
PIT,PIT,1935,Pittsburgh Pirates,NL,,153,86,67,0,.562,4th of 8,
PIT,PIT,1934,Pittsburgh Pirates,NL,,151,74,76,1,.493,5th of 8,
PIT,PIT,1933,Pittsburgh Pirates,NL,,154,87,67,0,.565,2nd of 8,
PIT,PIT,1932,Pittsburgh Pirates,NL,,154,86,68,0,.558,2nd of 8,
PIT,PIT,1931,Pittsburgh Pirates,NL,,155,75,79,1,.487,5th of 8,
PIT,PIT,1930,Pittsburgh Pirates,NL,,154,80,74,0,.519,5th of 8,
PIT,PIT,1929,Pittsburgh Pirates,NL,,154,88,65,1,.575,2nd of 8,
PIT,PIT,1928,Pittsburgh Pirates,NL,,152,85,67,0,.559,4th of 8,
PIT,PIT,1927,Pittsburgh Pirates,NL,,156,94,60,2,.610,1st of 8,Lost WS (4-0)
PIT,PIT,1926,Pittsburgh Pirates,NL,,157,84,69,4,.549,3rd of 8,
PIT,PIT,1925,Pittsburgh Pirates,NL,,153,95,58,0,.621,1st of 8,Won WS (4-3)
PIT,PIT,1924,Pittsburgh Pirates,NL,,153,90,63,0,.588,3rd of 8,
PIT,PIT,1923,Pittsburgh Pirates,NL,,154,87,67,0,.565,3rd of 8,
PIT,PIT,1922,Pittsburgh Pirates,NL,,155,85,69,1,.552,3rd of 8,
PIT,PIT,1921,Pittsburgh Pirates,NL,,154,90,63,1,.588,2nd of 8,
PIT,PIT,1920,Pittsburgh Pirates,NL,,155,79,75,1,.513,4th of 8,
PIT,PIT,1919,Pittsburgh Pirates,NL,,139,71,68,0,.511,4th of 8,
PIT,PIT,1918,Pittsburgh Pirates,NL,,126,65,60,1,.520,4th of 8,
PIT,PIT,1917,Pittsburgh Pirates,NL,,157,51,103,3,.331,8th of 8,
PIT,PIT,1916,Pittsburgh Pirates,NL,,157,65,89,3,.422,6th of 8,
PIT,PIT,1915,Pittsburgh Pirates,NL,,156,73,81,2,.474,5th of 8,
PIT,PIT,1914,Pittsburgh Pirates,NL,,158,69,85,4,.448,7th of 8,
PIT,PIT,1913,Pittsburgh Pirates,NL,,155,78,71,6,.523,4th of 8,
PIT,PIT,1912,Pittsburgh Pirates,NL,,152,93,58,1,.616,2nd of 8,
PIT,PIT,1911,Pittsburgh Pirates,NL,,155,85,69,1,.552,3rd of 8,
PIT,PIT,1910,Pittsburgh Pirates,NL,,154,86,67,1,.562,3rd of 8,
PIT,PIT,1909,Pittsburgh Pirates,NL,,154,110,42,2,.724,1st of 8,Won WS (4-3)
PIT,PIT,1908,Pittsburgh Pirates,NL,,155,98,56,1,.636,2nd of 8,
PIT,PIT,1907,Pittsburgh Pirates,NL,,157,91,63,3,.591,2nd of 8,
PIT,PIT,1906,Pittsburgh Pirates,NL,,154,93,60,1,.608,3rd of 8,
PIT,PIT,1905,Pittsburgh Pirates,NL,,155,96,57,2,.627,2nd of 8,
PIT,PIT,1904,Pittsburgh Pirates,NL,,156,87,66,3,.569,4th of 8,
PIT,PIT,1903,Pittsburgh Pirates,NL,,141,91,49,1,.650,1st of 8,Lost WS (5-3)
PIT,PIT,1902,Pittsburgh Pirates,NL,,142,103,36,3,.741,1st of 8,
PIT,PIT,1901,Pittsburgh Pirates,NL,,140,90,49,1,.647,1st of 8,
PIT,PIT,1900,Pittsburgh Pirates,NL,,140,79,60,1,.568,2nd of 8,
PIT,PIT,1899,Pittsburgh Pirates,NL,,155,76,73,6,.510,7th of 12,
PIT,PIT,1898,Pittsburgh Pirates,NL,,152,72,76,4,.486,8th of 12,
PIT,PIT,1897,Pittsburgh Pirates,NL,,135,60,71,4,.458,8th of 12,
PIT,PIT,1896,Pittsburgh Pirates,NL,,131,66,63,2,.512,6th of 12,
PIT,PIT,1895,Pittsburgh Pirates,NL,,135,71,61,3,.538,7th of 12,
PIT,PIT,1894,Pittsburgh,NL,,133,65,65,3,.500,7th of 12,
PIT,PIT,1893,Pittsburgh,NL,,131,81,48,2,.628,2nd of 12,
PIT,PIT,1892,Pittsburgh,NL,,155,80,73,2,.523,6th of 12,
PIT,PIT,1891,Pittsburgh,NL,,137,55,80,2,.407,8th of 8,
PIT,PIT,1890,Allegheny City,NL,,138,23,113,2,.169,8th of 8,
PIT,PIT,1889,Allegheny City,NL,,134,61,71,2,.462,5th of 8,
PIT,PIT,1888,Allegheny City,NL,,139,66,68,5,.493,6th of 8,
PIT,PIT,1887,Allegheny City,NL,,125,55,69,1,.444,6th of 8,
PIT,PIT,1886,Allegheny City,AA,,140,80,57,3,.584,2nd of 8,
PIT,PIT,1885,Allegheny City,AA,,111,56,55,0,.505,3rd of 8,
PIT,PIT,1884,Allegheny City,AA,,110,30,78,2,.278,11th of 13,
PIT,PIT,1883,Allegheny City,AA,,98,31,67,0,.316,7th of 8,
PIT,PIT,1882,Allegheny City,AA,,79,39,39,1,.500,4th of 6,
STL,STL,2026,St. Louis Cardinals,NL,Central,111,54,57,0,.486,4th of 5,
STL,STL,2025,St. Louis Cardinals,NL,Central,162,78,84,0,.481,4th of 5,
STL,STL,2024,St. Louis Cardinals,NL,Central,162,83,79,0,.512,2nd of 5,
STL,STL,2023,St. Louis Cardinals,NL,Central,162,71,91,0,.438,5th of 5,
STL,STL,2022,St. Louis Cardinals,NL,Central,162,93,69,0,.574,1st of 5,Lost NLWC (2-0)
STL,STL,2021,St. Louis Cardinals,NL,Central,162,90,72,0,.556,2nd of 5,Lost NLWC (1-0)
STL,STL,2020,St. Louis Cardinals,NL,Central,58,30,28,0,.517,2nd of 5,Lost NLWC (2-1)
STL,STL,2019,St. Louis Cardinals,NL,Central,162,91,71,0,.562,1st of 5,Lost NLCS (4-0)
STL,STL,2018,St. Louis Cardinals,NL,Central,162,88,74,0,.543,3rd of 5,
STL,STL,2017,St. Louis Cardinals,NL,Central,162,83,79,0,.512,3rd of 5,
STL,STL,2016,St. Louis Cardinals,NL,Central,162,86,76,0,.531,2nd of 5,
STL,STL,2015,St. Louis Cardinals,NL,Central,162,100,62,0,.617,1st of 5,Lost NLDS (3-1)
STL,STL,2014,St. Louis Cardinals,NL,Central,162,90,72,0,.556,1st of 5,Lost NLCS (4-1)
STL,STL,2013,St. Louis Cardinals,NL,Central,162,97,65,0,.599,1st of 5,Lost WS (4-2)
STL,STL,2012,St. Louis Cardinals,NL,Central,162,88,74,0,.543,2nd of 6,Lost NLCS (4-3)
STL,STL,2011,St. Louis Cardinals,NL,Central,162,90,72,0,.556,2nd of 6,Won WS (4-3)
STL,STL,2010,St. Louis Cardinals,NL,Central,162,86,76,0,.531,2nd of 6,
STL,STL,2009,St. Louis Cardinals,NL,Central,162,91,71,0,.562,1st of 6,Lost NLDS (3-0)
STL,STL,2008,St. Louis Cardinals,NL,Central,162,86,76,0,.531,4th of 6,
STL,STL,2007,St. Louis Cardinals,NL,Central,162,78,84,0,.481,3rd of 6,
STL,STL,2006,St. Louis Cardinals,NL,Central,161,83,78,0,.516,1st of 6,Won WS (4-1)
STL,STL,2005,St. Louis Cardinals,NL,Central,162,100,62,0,.617,1st of 6,Lost NLCS (4-2)
STL,STL,2004,St. Louis Cardinals,NL,Central,162,105,57,0,.648,1st of 6,Lost WS (4-0)
STL,STL,2003,St. Louis Cardinals,NL,Central,162,85,77,0,.525,3rd of 6,
STL,STL,2002,St. Louis Cardinals,NL,Central,162,97,65,0,.599,1st of 6,Lost NLCS (4-1)
STL,STL,2001,St. Louis Cardinals,NL,Central,162,93,69,0,.574,2nd of 6,Lost NLDS (3-2)
STL,STL,2000,St. Louis Cardinals,NL,Central,162,95,67,0,.586,1st of 6,Lost NLCS (4-1)
STL,STL,1999,St. Louis Cardinals,NL,Central,161,75,86,0,.466,4th of 6,
STL,STL,1998,St. Louis Cardinals,NL,Central,163,83,79,1,.512,3rd of 6,
STL,STL,1997,St. Louis Cardinals,NL,Central,162,73,89,0,.451,4th of 5,
STL,STL,1996,St. Louis Cardinals,NL,Central,162,88,74,0,.543,1st of 5,Lost NLCS (4-3)
STL,STL,1995,St. Louis Cardinals,NL,Central,143,62,81,0,.434,4th of 5,
STL,STL,1994,St. Louis Cardinals,NL,Central,115,53,61,1,.465,3rd of 5,
STL,STL,1993,St. Louis Cardinals,NL,East,162,87,75,0,.537,3rd of 7,
STL,STL,1992,St. Louis Cardinals,NL,East,162,83,79,0,.512,3rd of 6,
STL,STL,1991,St. Louis Cardinals,NL,East,162,84,78,0,.519,2nd of 6,
STL,STL,1990,St. Louis Cardinals,NL,East,162,70,92,0,.432,6th of 6,
STL,STL,1989,St. Louis Cardinals,NL,East,164,86,76,2,.531,3rd of 6,
STL,STL,1988,St. Louis Cardinals,NL,East,162,76,86,0,.469,5th of 6,
STL,STL,1987,St. Louis Cardinals,NL,East,162,95,67,0,.586,1st of 6,Lost WS (4-3)
STL,STL,1986,St. Louis Cardinals,NL,East,161,79,82,0,.491,3rd of 6,
STL,STL,1985,St. Louis Cardinals,NL,East,162,101,61,0,.623,1st of 6,Lost WS (4-3)
STL,STL,1984,St. Louis Cardinals,NL,East,162,84,78,0,.519,3rd of 6,
STL,STL,1983,St. Louis Cardinals,NL,East,162,79,83,0,.488,4th of 6,
STL,STL,1982,St. Louis Cardinals,NL,East,162,92,70,0,.568,1st of 6,Won WS (4-3)
STL,STL,1981,St. Louis Cardinals,NL,East,103,59,43,1,.578,1st of 6,
STL,STL,1980,St. Louis Cardinals,NL,East,162,74,88,0,.457,4th of 6,
STL,STL,1979,St. Louis Cardinals,NL,East,163,86,76,1,.531,3rd of 6,
STL,STL,1978,St. Louis Cardinals,NL,East,162,69,93,0,.426,5th of 6,
STL,STL,1977,St. Louis Cardinals,NL,East,162,83,79,0,.512,3rd of 6,
STL,STL,1976,St. Louis Cardinals,NL,East,162,72,90,0,.444,5th of 6,
STL,STL,1975,St. Louis Cardinals,NL,East,163,82,80,1,.506,3rd of 6,
STL,STL,1974,St. Louis Cardinals,NL,East,161,86,75,0,.534,2nd of 6,
STL,STL,1973,St. Louis Cardinals,NL,East,162,81,81,0,.500,2nd of 6,
STL,STL,1972,St. Louis Cardinals,NL,East,156,75,81,0,.481,4th of 6,
STL,STL,1971,St. Louis Cardinals,NL,East,163,90,72,1,.556,2nd of 6,
STL,STL,1970,St. Louis Cardinals,NL,East,162,76,86,0,.469,4th of 6,
STL,STL,1969,St. Louis Cardinals,NL,East,162,87,75,0,.537,4th of 6,
STL,STL,1968,St. Louis Cardinals,NL,,162,97,65,0,.599,1st of 10,Lost WS (4-3)
STL,STL,1967,St. Louis Cardinals,NL,,161,101,60,0,.627,1st of 10,Won WS (4-3)
STL,STL,1966,St. Louis Cardinals,NL,,162,83,79,0,.512,6th of 10,
STL,STL,1965,St. Louis Cardinals,NL,,162,80,81,1,.497,7th of 10,
STL,STL,1964,St. Louis Cardinals,NL,,162,93,69,0,.574,1st of 10,Won WS (4-3)
STL,STL,1963,St. Louis Cardinals,NL,,162,93,69,0,.574,2nd of 10,
STL,STL,1962,St. Louis Cardinals,NL,,163,84,78,1,.519,6th of 10,
STL,STL,1961,St. Louis Cardinals,NL,,155,80,74,1,.519,5th of 8,
STL,STL,1960,St. Louis Cardinals,NL,,155,86,68,1,.558,3rd of 8,
STL,STL,1959,St. Louis Cardinals,NL,,154,71,83,0,.461,7th of 8,
STL,STL,1958,St. Louis Cardinals,NL,,154,72,82,0,.468,5th of 8,
STL,STL,1957,St. Louis Cardinals,NL,,154,87,67,0,.565,2nd of 8,
STL,STL,1956,St. Louis Cardinals,NL,,156,76,78,2,.494,4th of 8,
STL,STL,1955,St. Louis Cardinals,NL,,154,68,86,0,.442,7th of 8,
STL,STL,1954,St. Louis Cardinals,NL,,154,72,82,0,.468,6th of 8,
STL,STL,1953,St. Louis Cardinals,NL,,157,83,71,3,.539,3rd of 8,
STL,STL,1952,St. Louis Cardinals,NL,,154,88,66,0,.571,3rd of 8,
STL,STL,1951,St. Louis Cardinals,NL,,155,81,73,1,.526,3rd of 8,
STL,STL,1950,St. Louis Cardinals,NL,,153,78,75,0,.510,5th of 8,
STL,STL,1949,St. Louis Cardinals,NL,,157,96,58,3,.623,2nd of 8,
STL,STL,1948,St. Louis Cardinals,NL,,155,85,69,1,.552,2nd of 8,
STL,STL,1947,St. Louis Cardinals,NL,,156,89,65,2,.578,2nd of 8,
STL,STL,1946,St. Louis Cardinals,NL,,156,98,58,0,.628,1st of 8,Won WS (4-3)
STL,STL,1945,St. Louis Cardinals,NL,,155,95,59,1,.617,2nd of 8,
STL,STL,1944,St. Louis Cardinals,NL,,157,105,49,3,.682,1st of 8,Won WS (4-2)
STL,STL,1943,St. Louis Cardinals,NL,,157,105,49,3,.682,1st of 8,Lost WS (4-1)
STL,STL,1942,St. Louis Cardinals,NL,,156,106,48,2,.688,1st of 8,Won WS (4-1)
STL,STL,1941,St. Louis Cardinals,NL,,155,97,56,2,.634,2nd of 8,
STL,STL,1940,St. Louis Cardinals,NL,,156,84,69,3,.549,3rd of 8,
STL,STL,1939,St. Louis Cardinals,NL,,155,92,61,2,.601,2nd of 8,
STL,STL,1938,St. Louis Cardinals,NL,,156,71,80,5,.470,6th of 8,
STL,STL,1937,St. Louis Cardinals,NL,,157,81,73,3,.526,4th of 8,
STL,STL,1936,St. Louis Cardinals,NL,,155,87,67,1,.565,2nd of 8,
STL,STL,1935,St. Louis Cardinals,NL,,154,96,58,0,.623,2nd of 8,
STL,STL,1934,St. Louis Cardinals,NL,,154,95,58,1,.621,1st of 8,Won WS (4-3)
STL,STL,1933,St. Louis Cardinals,NL,,154,82,71,1,.536,5th of 8,
STL,STL,1932,St. Louis Cardinals,NL,,156,72,82,2,.468,6th of 8,
STL,STL,1931,St. Louis Cardinals,NL,,154,101,53,0,.656,1st of 8,Won WS (4-3)
STL,STL,1930,St. Louis Cardinals,NL,,154,92,62,0,.597,1st of 8,Lost WS (4-2)
STL,STL,1929,St. Louis Cardinals,NL,,154,78,74,2,.513,4th of 8,
STL,STL,1928,St. Louis Cardinals,NL,,154,95,59,0,.617,1st of 8,Lost WS (4-0)
STL,STL,1927,St. Louis Cardinals,NL,,153,92,61,0,.601,2nd of 8,
STL,STL,1926,St. Louis Cardinals,NL,,156,89,65,2,.578,1st of 8,Won WS (4-3)
STL,STL,1925,St. Louis Cardinals,NL,,153,77,76,0,.503,4th of 8,
STL,STL,1924,St. Louis Cardinals,NL,,154,65,89,0,.422,6th of 8,
STL,STL,1923,St. Louis Cardinals,NL,,154,79,74,1,.516,5th of 8,
STL,STL,1922,St. Louis Cardinals,NL,,154,85,69,0,.552,3rd of 8,
STL,STL,1921,St. Louis Cardinals,NL,,154,87,66,1,.569,3rd of 8,
STL,STL,1920,St. Louis Cardinals,NL,,155,75,79,1,.487,5th of 8,
STL,STL,1919,St. Louis Cardinals,NL,,138,54,83,1,.394,7th of 8,
STL,STL,1918,St. Louis Cardinals,NL,,131,51,78,2,.395,8th of 8,
STL,STL,1917,St. Louis Cardinals,NL,,154,82,70,2,.539,3rd of 8,
STL,STL,1916,St. Louis Cardinals,NL,,153,60,93,0,.392,7th of 8,
STL,STL,1915,St. Louis Cardinals,NL,,157,72,81,4,.471,6th of 8,
STL,STL,1914,St. Louis Cardinals,NL,,157,81,72,4,.529,3rd of 8,
STL,STL,1913,St. Louis Cardinals,NL,,153,51,99,3,.340,8th of 8,
STL,STL,1912,St. Louis Cardinals,NL,,153,63,90,0,.412,6th of 8,
STL,STL,1911,St. Louis Cardinals,NL,,158,75,74,9,.503,5th of 8,
STL,STL,1910,St. Louis Cardinals,NL,,153,63,90,0,.412,7th of 8,
STL,STL,1909,St. Louis Cardinals,NL,,154,54,98,2,.355,7th of 8,
STL,STL,1908,St. Louis Cardinals,NL,,154,49,105,0,.318,8th of 8,
STL,STL,1907,St. Louis Cardinals,NL,,155,52,101,2,.340,8th of 8,
STL,STL,1906,St. Louis Cardinals,NL,,154,52,98,4,.347,7th of 8,
STL,STL,1905,St. Louis Cardinals,NL,,154,58,96,0,.377,6th of 8,
STL,STL,1904,St. Louis Cardinals,NL,,155,75,79,1,.487,5th of 8,
STL,STL,1903,St. Louis Cardinals,NL,,139,43,94,2,.314,8th of 8,
STL,STL,1902,St. Louis Cardinals,NL,,140,56,78,6,.418,6th of 8,
STL,STL,1901,St. Louis Cardinals,NL,,142,76,64,2,.543,4th of 8,
STL,STL,1900,St. Louis Cardinals,NL,,142,65,75,2,.464,5th of 8,
STL,STL,1899,St. Louis,NL,,155,84,67,4,.556,5th of 12,
STL,STL,1898,St. Louis Browns,NL,,154,39,111,4,.260,12th of 12,
STL,STL,1897,St. Louis Browns,NL,,133,29,102,2,.221,12th of 12,
STL,STL,1896,St. Louis Browns,NL,,131,40,90,1,.308,11th of 12,
STL,STL,1895,St. Louis Browns,NL,,136,39,92,5,.298,11th of 12,
STL,STL,1894,St. Louis Browns,NL,,133,56,76,1,.424,9th of 12,
STL,STL,1893,St. Louis Browns,NL,,135,57,75,3,.432,10th of 12,
STL,STL,1892,St. Louis Browns,NL,,155,56,94,5,.373,11th of 12,
STL,STL,1891,St. Louis Browns,AA,,139,85,51,3,.625,2nd of 9,
STL,STL,1890,St. Louis Browns,AA,,139,77,58,4,.570,3rd of 9,
STL,STL,1889,St. Louis Browns,AA,,141,90,45,6,.667,2nd of 8,
STL,STL,1888,St. Louis Browns,AA,,137,92,43,2,.681,1st of 8,Lost WS (6-4)
STL,STL,1887,St. Louis Browns,AA,,138,95,40,3,.704,1st of 8,Lost WS (10-5)
STL,STL,1886,St. Louis Browns,AA,,139,93,46,0,.669,1st of 8,Won WS (4-2)
STL,STL,1885,St. Louis Browns,AA,,112,79,33,0,.705,1st of 8,Tied in WS (3-3-1)
STL,STL,1884,St. Louis Browns,AA,,110,67,40,3,.626,4th of 13,
STL,STL,1883,St. Louis,AA,,98,65,33,0,.663,2nd of 8,
STL,STL,1882,St. Louis Browns,AA,,80,37,43,0,.463,5th of 6,
MIL,MIL,2026,Milwaukee Brewers,NL,Central,110,69,41,0,.627,1st of 5,
MIL,MIL,2025,Milwaukee Brewers,NL,Central,162,97,65,0,.599,1st of 5,Lost NLCS (4-0)
MIL,MIL,2024,Milwaukee Brewers,NL,Central,162,93,69,0,.574,1st of 5,Lost NLWC (2-1)
MIL,MIL,2023,Milwaukee Brewers,NL,Central,162,92,70,0,.568,1st of 5,Lost NLWC (2-0)
MIL,MIL,2022,Milwaukee Brewers,NL,Central,162,86,76,0,.531,2nd of 5,
MIL,MIL,2021,Milwaukee Brewers,NL,Central,162,95,67,0,.586,1st of 5,Lost NLDS (3-1)
MIL,MIL,2020,Milwaukee Brewers,NL,Central,60,29,31,0,.483,4th of 5,Lost NLWC (2-0)
MIL,MIL,2019,Milwaukee Brewers,NL,Central,162,89,73,0,.549,2nd of 5,Lost NLWC (1-0)
MIL,MIL,2018,Milwaukee Brewers,NL,Central,163,96,67,0,.589,1st of 5,Lost NLCS (4-3)
MIL,MIL,2017,Milwaukee Brewers,NL,Central,162,86,76,0,.531,2nd of 5,
MIL,MIL,2016,Milwaukee Brewers,NL,Central,162,73,89,0,.451,4th of 5,
MIL,MIL,2015,Milwaukee Brewers,NL,Central,162,68,94,0,.420,4th of 5,
MIL,MIL,2014,Milwaukee Brewers,NL,Central,162,82,80,0,.506,3rd of 5,
MIL,MIL,2013,Milwaukee Brewers,NL,Central,162,74,88,0,.457,4th of 5,
MIL,MIL,2012,Milwaukee Brewers,NL,Central,162,83,79,0,.512,3rd of 6,
MIL,MIL,2011,Milwaukee Brewers,NL,Central,162,96,66,0,.593,1st of 6,Lost NLCS (4-2)
MIL,MIL,2010,Milwaukee Brewers,NL,Central,162,77,85,0,.475,3rd of 6,
MIL,MIL,2009,Milwaukee Brewers,NL,Central,162,80,82,0,.494,3rd of 6,
MIL,MIL,2008,Milwaukee Brewers,NL,Central,162,90,72,0,.556,2nd of 6,Lost NLDS (3-1)
MIL,MIL,2007,Milwaukee Brewers,NL,Central,162,83,79,0,.512,2nd of 6,
MIL,MIL,2006,Milwaukee Brewers,NL,Central,162,75,87,0,.463,4th of 6,
MIL,MIL,2005,Milwaukee Brewers,NL,Central,162,81,81,0,.500,3rd of 6,
MIL,MIL,2004,Milwaukee Brewers,NL,Central,161,67,94,0,.416,6th of 6,
MIL,MIL,2003,Milwaukee Brewers,NL,Central,162,68,94,0,.420,6th of 6,
MIL,MIL,2002,Milwaukee Brewers,NL,Central,162,56,106,0,.346,6th of 6,
MIL,MIL,2001,Milwaukee Brewers,NL,Central,162,68,94,0,.420,4th of 6,
MIL,MIL,2000,Milwaukee Brewers,NL,Central,163,73,89,1,.451,3rd of 6,
MIL,MIL,1999,Milwaukee Brewers,NL,Central,161,74,87,0,.460,5th of 6,
MIL,MIL,1998,Milwaukee Brewers,NL,Central,162,74,88,0,.457,5th of 6,
MIL,MIL,1997,Milwaukee Brewers,AL,Central,161,78,83,0,.484,3rd of 5,
MIL,MIL,1996,Milwaukee Brewers,AL,Central,162,80,82,0,.494,3rd of 5,
MIL,MIL,1995,Milwaukee Brewers,AL,Central,144,65,79,0,.451,4th of 5,
MIL,MIL,1994,Milwaukee Brewers,AL,Central,115,53,62,0,.461,5th of 5,
MIL,MIL,1993,Milwaukee Brewers,AL,East,162,69,93,0,.426,7th of 7,
MIL,MIL,1992,Milwaukee Brewers,AL,East,162,92,70,0,.568,2nd of 7,
MIL,MIL,1991,Milwaukee Brewers,AL,East,162,83,79,0,.512,4th of 7,
MIL,MIL,1990,Milwaukee Brewers,AL,East,162,74,88,0,.457,6th of 7,
MIL,MIL,1989,Milwaukee Brewers,AL,East,162,81,81,0,.500,4th of 7,
MIL,MIL,1988,Milwaukee Brewers,AL,East,162,87,75,0,.537,3rd of 7,
MIL,MIL,1987,Milwaukee Brewers,AL,East,162,91,71,0,.562,3rd of 7,
MIL,MIL,1986,Milwaukee Brewers,AL,East,161,77,84,0,.478,6th of 7,
MIL,MIL,1985,Milwaukee Brewers,AL,East,161,71,90,0,.441,6th of 7,
MIL,MIL,1984,Milwaukee Brewers,AL,East,161,67,94,0,.416,7th of 7,
MIL,MIL,1983,Milwaukee Brewers,AL,East,162,87,75,0,.537,5th of 7,
MIL,MIL,1982,Milwaukee Brewers,AL,East,163,95,67,1,.586,1st of 7,Lost WS (4-3)
MIL,MIL,1981,Milwaukee Brewers,AL,East,109,62,47,0,.569,1st of 7,Lost ALDS (3-2)
MIL,MIL,1980,Milwaukee Brewers,AL,East,162,86,76,0,.531,3rd of 7,
MIL,MIL,1979,Milwaukee Brewers,AL,East,161,95,66,0,.590,2nd of 7,
MIL,MIL,1978,Milwaukee Brewers,AL,East,162,93,69,0,.574,3rd of 7,
MIL,MIL,1977,Milwaukee Brewers,AL,East,162,67,95,0,.414,6th of 7,
MIL,MIL,1976,Milwaukee Brewers,AL,East,161,66,95,0,.410,6th of 6,
MIL,MIL,1975,Milwaukee Brewers,AL,East,162,68,94,0,.420,5th of 6,
MIL,MIL,1974,Milwaukee Brewers,AL,East,162,76,86,0,.469,5th of 6,
MIL,MIL,1973,Milwaukee Brewers,AL,East,162,74,88,0,.457,5th of 6,
MIL,MIL,1972,Milwaukee Brewers,AL,East,156,65,91,0,.417,6th of 6,
MIL,MIL,1971,Milwaukee Brewers,AL,West,161,69,92,0,.429,6th of 6,
MIL,MIL,1970,Milwaukee Brewers,AL,West,163,65,97,1,.401,4th of 6,
MIL,SEP,1969,Seattle Pilots,AL,West,163,64,98,1,.395,6th of 6,
CHC,CHC,2026,Chicago Cubs,NL,Central,111,63,48,0,.568,2nd of 5,
CHC,CHC,2025,Chicago Cubs,NL,Central,162,92,70,0,.568,2nd of 5,Lost NLDS (3-2)
CHC,CHC,2024,Chicago Cubs,NL,Central,162,83,79,0,.512,2nd of 5,
CHC,CHC,2023,Chicago Cubs,NL,Central,162,83,79,0,.512,2nd of 5,
CHC,CHC,2022,Chicago Cubs,NL,Central,162,74,88,0,.457,3rd of 5,
CHC,CHC,2021,Chicago Cubs,NL,Central,162,71,91,0,.438,4th of 5,
CHC,CHC,2020,Chicago Cubs,NL,Central,60,34,26,0,.567,1st of 5,Lost NLWC (2-0)
CHC,CHC,2019,Chicago Cubs,NL,Central,162,84,78,0,.519,3rd of 5,
CHC,CHC,2018,Chicago Cubs,NL,Central,163,95,68,0,.583,2nd of 5,Lost NLWC (1-0)
CHC,CHC,2017,Chicago Cubs,NL,Central,162,92,70,0,.568,1st of 5,Lost NLCS (4-1)
CHC,CHC,2016,Chicago Cubs,NL,Central,162,103,58,1,.640,1st of 5,Won WS (4-3)
CHC,CHC,2015,Chicago Cubs,NL,Central,162,97,65,0,.599,3rd of 5,Lost NLCS (4-0)
CHC,CHC,2014,Chicago Cubs,NL,Central,162,73,89,0,.451,5th of 5,
CHC,CHC,2013,Chicago Cubs,NL,Central,162,66,96,0,.407,5th of 5,
CHC,CHC,2012,Chicago Cubs,NL,Central,162,61,101,0,.377,5th of 6,
CHC,CHC,2011,Chicago Cubs,NL,Central,162,71,91,0,.438,5th of 6,
CHC,CHC,2010,Chicago Cubs,NL,Central,162,75,87,0,.463,5th of 6,
CHC,CHC,2009,Chicago Cubs,NL,Central,161,83,78,0,.516,2nd of 6,
CHC,CHC,2008,Chicago Cubs,NL,Central,161,97,64,0,.602,1st of 6,Lost NLDS (3-0)
CHC,CHC,2007,Chicago Cubs,NL,Central,162,85,77,0,.525,1st of 6,Lost NLDS (3-0)
CHC,CHC,2006,Chicago Cubs,NL,Central,162,66,96,0,.407,6th of 6,
CHC,CHC,2005,Chicago Cubs,NL,Central,162,79,83,0,.488,4th of 6,
CHC,CHC,2004,Chicago Cubs,NL,Central,162,89,73,0,.549,3rd of 6,
CHC,CHC,2003,Chicago Cubs,NL,Central,162,88,74,0,.543,1st of 6,Lost NLCS (4-3)
CHC,CHC,2002,Chicago Cubs,NL,Central,162,67,95,0,.414,5th of 6,
CHC,CHC,2001,Chicago Cubs,NL,Central,162,88,74,0,.543,3rd of 6,
CHC,CHC,2000,Chicago Cubs,NL,Central,162,65,97,0,.401,6th of 6,
CHC,CHC,1999,Chicago Cubs,NL,Central,162,67,95,0,.414,6th of 6,
CHC,CHC,1998,Chicago Cubs,NL,Central,163,90,73,0,.552,2nd of 6,Lost NLDS (3-0)
CHC,CHC,1997,Chicago Cubs,NL,Central,162,68,94,0,.420,5th of 5,
CHC,CHC,1996,Chicago Cubs,NL,Central,162,76,86,0,.469,4th of 5,
CHC,CHC,1995,Chicago Cubs,NL,Central,144,73,71,0,.507,3rd of 5,
CHC,CHC,1994,Chicago Cubs,NL,Central,113,49,64,0,.434,5th of 5,
CHC,CHC,1993,Chicago Cubs,NL,East,163,84,78,1,.519,4th of 7,
CHC,CHC,1992,Chicago Cubs,NL,East,162,78,84,0,.481,4th of 6,
CHC,CHC,1991,Chicago Cubs,NL,East,160,77,83,0,.481,4th of 6,
CHC,CHC,1990,Chicago Cubs,NL,East,162,77,85,0,.475,4th of 6,
CHC,CHC,1989,Chicago Cubs,NL,East,162,93,69,0,.574,1st of 6,Lost NLCS (4-1)
CHC,CHC,1988,Chicago Cubs,NL,East,163,77,85,1,.475,4th of 6,
CHC,CHC,1987,Chicago Cubs,NL,East,161,76,85,0,.472,6th of 6,
CHC,CHC,1986,Chicago Cubs,NL,East,160,70,90,0,.438,5th of 6,
CHC,CHC,1985,Chicago Cubs,NL,East,162,77,84,1,.478,4th of 6,
CHC,CHC,1984,Chicago Cubs,NL,East,161,96,65,0,.596,1st of 6,Lost NLCS (3-2)
CHC,CHC,1983,Chicago Cubs,NL,East,162,71,91,0,.438,5th of 6,
CHC,CHC,1982,Chicago Cubs,NL,East,162,73,89,0,.451,5th of 6,
CHC,CHC,1981,Chicago Cubs,NL,East,106,38,65,3,.369,6th of 6,
CHC,CHC,1980,Chicago Cubs,NL,East,162,64,98,0,.395,6th of 6,
CHC,CHC,1979,Chicago Cubs,NL,East,162,80,82,0,.494,5th of 6,
CHC,CHC,1978,Chicago Cubs,NL,East,162,79,83,0,.488,3rd of 6,
CHC,CHC,1977,Chicago Cubs,NL,East,162,81,81,0,.500,4th of 6,
CHC,CHC,1976,Chicago Cubs,NL,East,162,75,87,0,.463,4th of 6,
CHC,CHC,1975,Chicago Cubs,NL,East,162,75,87,0,.463,5th of 6,
CHC,CHC,1974,Chicago Cubs,NL,East,162,66,96,0,.407,6th of 6,
CHC,CHC,1973,Chicago Cubs,NL,East,161,77,84,0,.478,5th of 6,
CHC,CHC,1972,Chicago Cubs,NL,East,156,85,70,1,.548,2nd of 6,
CHC,CHC,1971,Chicago Cubs,NL,East,162,83,79,0,.512,3rd of 6,
CHC,CHC,1970,Chicago Cubs,NL,East,162,84,78,0,.519,2nd of 6,
CHC,CHC,1969,Chicago Cubs,NL,East,163,92,70,1,.568,2nd of 6,
CHC,CHC,1968,Chicago Cubs,NL,,163,84,78,1,.519,3rd of 10,
CHC,CHC,1967,Chicago Cubs,NL,,162,87,74,1,.540,3rd of 10,
CHC,CHC,1966,Chicago Cubs,NL,,162,59,103,0,.364,10th of 10,
CHC,CHC,1965,Chicago Cubs,NL,,164,72,90,2,.444,8th of 10,
CHC,CHC,1964,Chicago Cubs,NL,,162,76,86,0,.469,8th of 10,
CHC,CHC,1963,Chicago Cubs,NL,,162,82,80,0,.506,7th of 10,
CHC,CHC,1962,Chicago Cubs,NL,,162,59,103,0,.364,9th of 10,
CHC,CHC,1961,Chicago Cubs,NL,,156,64,90,2,.416,7th of 8,
CHC,CHC,1960,Chicago Cubs,NL,,156,60,94,2,.390,7th of 8,
CHC,CHC,1959,Chicago Cubs,NL,,155,74,80,1,.481,5th of 8,
CHC,CHC,1958,Chicago Cubs,NL,,154,72,82,0,.468,5th of 8,
CHC,CHC,1957,Chicago Cubs,NL,,156,62,92,2,.403,7th of 8,
CHC,CHC,1956,Chicago Cubs,NL,,157,60,94,3,.390,8th of 8,
CHC,CHC,1955,Chicago Cubs,NL,,154,72,81,1,.471,6th of 8,
CHC,CHC,1954,Chicago Cubs,NL,,154,64,90,0,.416,7th of 8,
CHC,CHC,1953,Chicago Cubs,NL,,155,65,89,1,.422,7th of 8,
CHC,CHC,1952,Chicago Cubs,NL,,155,77,77,1,.500,5th of 8,
CHC,CHC,1951,Chicago Cubs,NL,,155,62,92,1,.403,8th of 8,
CHC,CHC,1950,Chicago Cubs,NL,,154,64,89,1,.418,7th of 8,
CHC,CHC,1949,Chicago Cubs,NL,,154,61,93,0,.396,8th of 8,
CHC,CHC,1948,Chicago Cubs,NL,,155,64,90,1,.416,8th of 8,
CHC,CHC,1947,Chicago Cubs,NL,,155,69,85,1,.448,6th of 8,
CHC,CHC,1946,Chicago Cubs,NL,,155,82,71,2,.536,3rd of 8,
CHC,CHC,1945,Chicago Cubs,NL,,155,98,56,1,.636,1st of 8,Lost WS (4-3)
CHC,CHC,1944,Chicago Cubs,NL,,157,75,79,3,.487,4th of 8,
CHC,CHC,1943,Chicago Cubs,NL,,154,74,79,1,.484,5th of 8,
CHC,CHC,1942,Chicago Cubs,NL,,155,68,86,1,.442,6th of 8,
CHC,CHC,1941,Chicago Cubs,NL,,155,70,84,1,.455,6th of 8,
CHC,CHC,1940,Chicago Cubs,NL,,154,75,79,0,.487,5th of 8,
CHC,CHC,1939,Chicago Cubs,NL,,156,84,70,2,.545,4th of 8,
CHC,CHC,1938,Chicago Cubs,NL,,154,89,63,2,.586,1st of 8,Lost WS (4-0)
CHC,CHC,1937,Chicago Cubs,NL,,154,93,61,0,.604,2nd of 8,
CHC,CHC,1936,Chicago Cubs,NL,,154,87,67,0,.565,2nd of 8,
CHC,CHC,1935,Chicago Cubs,NL,,154,100,54,0,.649,1st of 8,Lost WS (4-2)
CHC,CHC,1934,Chicago Cubs,NL,,152,86,65,1,.570,3rd of 8,
CHC,CHC,1933,Chicago Cubs,NL,,154,86,68,0,.558,3rd of 8,
CHC,CHC,1932,Chicago Cubs,NL,,154,90,64,0,.584,1st of 8,Lost WS (4-0)
CHC,CHC,1931,Chicago Cubs,NL,,156,84,70,2,.545,3rd of 8,
CHC,CHC,1930,Chicago Cubs,NL,,156,90,64,2,.584,2nd of 8,
CHC,CHC,1929,Chicago Cubs,NL,,156,98,54,4,.645,1st of 8,Lost WS (4-1)
CHC,CHC,1928,Chicago Cubs,NL,,154,91,63,0,.591,3rd of 8,
CHC,CHC,1927,Chicago Cubs,NL,,153,85,68,0,.556,4th of 8,
CHC,CHC,1926,Chicago Cubs,NL,,155,82,72,1,.532,4th of 8,
CHC,CHC,1925,Chicago Cubs,NL,,154,68,86,0,.442,8th of 8,
CHC,CHC,1924,Chicago Cubs,NL,,154,81,72,1,.529,5th of 8,
CHC,CHC,1923,Chicago Cubs,NL,,154,83,71,0,.539,4th of 8,
CHC,CHC,1922,Chicago Cubs,NL,,156,80,74,2,.519,5th of 8,
CHC,CHC,1921,Chicago Cubs,NL,,153,64,89,0,.418,7th of 8,
CHC,CHC,1920,Chicago Cubs,NL,,154,75,79,0,.487,5th of 8,
CHC,CHC,1919,Chicago Cubs,NL,,140,75,65,0,.536,3rd of 8,
CHC,CHC,1918,Chicago Cubs,NL,,131,84,45,2,.651,1st of 8,Lost WS (4-2)
CHC,CHC,1917,Chicago Cubs,NL,,157,74,80,3,.481,5th of 8,
CHC,CHC,1916,Chicago Cubs,NL,,156,67,86,3,.438,5th of 8,
CHC,CHC,1915,Chicago Cubs,NL,,156,73,80,3,.477,4th of 8,
CHC,CHC,1914,Chicago Cubs,NL,,156,78,76,2,.506,4th of 8,
CHC,CHC,1913,Chicago Cubs,NL,,155,88,65,2,.575,3rd of 8,
CHC,CHC,1912,Chicago Cubs,NL,,152,91,59,2,.607,3rd of 8,
CHC,CHC,1911,Chicago Cubs,NL,,157,92,62,3,.597,2nd of 8,
CHC,CHC,1910,Chicago Cubs,NL,,154,104,50,0,.675,1st of 8,Lost WS (4-1)
CHC,CHC,1909,Chicago Cubs,NL,,155,104,49,2,.680,2nd of 8,
CHC,CHC,1908,Chicago Cubs,NL,,158,99,55,4,.643,1st of 8,Won WS (4-1)
CHC,CHC,1907,Chicago Cubs,NL,,155,107,45,3,.704,1st of 8,Won WS (4-0-1)
CHC,CHC,1906,Chicago Cubs,NL,,155,116,36,3,.763,1st of 8,Lost WS (4-2)
CHC,CHC,1905,Chicago Cubs,NL,,155,92,61,2,.601,3rd of 8,
CHC,CHC,1904,Chicago Cubs,NL,,156,93,60,3,.608,2nd of 8,
CHC,CHC,1903,Chicago,NL,,139,82,56,1,.594,3rd of 8,
CHC,CHC,1902,Chicago,NL,,143,68,69,6,.496,5th of 8,
CHC,CHC,1901,Chicago Orphans,NL,,140,53,86,1,.381,6th of 8,
CHC,CHC,1900,Chicago Orphans,NL,,146,65,75,6,.464,6th of 8,
CHC,CHC,1899,Chicago Orphans,NL,,152,75,73,4,.507,8th of 12,
CHC,CHC,1898,Chicago Orphans,NL,,152,85,65,2,.567,4th of 12,
CHC,CHC,1897,Chicago Colts,NL,,138,59,73,6,.447,9th of 12,
CHC,CHC,1896,Chicago Colts,NL,,132,71,57,4,.555,5th of 12,
CHC,CHC,1895,Chicago Colts,NL,,133,72,58,3,.554,4th of 12,
CHC,CHC,1894,Chicago Colts,NL,,137,57,75,5,.432,8th of 12,
CHC,CHC,1893,Chicago Colts,NL,,128,56,71,1,.441,9th of 12,
CHC,CHC,1892,Chicago Colts,NL,,147,70,76,1,.479,7th of 12,
CHC,CHC,1891,Chicago Colts,NL,,137,82,53,2,.607,2nd of 8,
CHC,CHC,1890,Chicago Colts,NL,,139,83,53,3,.610,2nd of 8,
CHC,CHC,1889,Chicago,NL,,136,67,65,4,.508,3rd of 8,
CHC,CHC,1888,Chicago,NL,,136,77,58,1,.570,2nd of 8,
CHC,CHC,1887,Chicago White Stockings,NL,,127,71,50,6,.587,3rd of 8,
CHC,CHC,1886,Chicago White Stockings,NL,,126,90,34,2,.726,1st of 8,Lost WS (4-2)
CHC,CHC,1885,Chicago White Stockings,NL,,113,87,25,1,.777,1st of 8,Tied in WS (3-3-1)
CHC,CHC,1884,Chicago White Stockings,NL,,113,62,50,1,.554,5th of 8,
CHC,CHC,1883,Chicago White Stockings,NL,,98,59,39,0,.602,2nd of 8,
CHC,CHC,1882,Chicago White Stockings,NL,,84,55,29,0,.655,1st of 8,
CHC,CHC,1881,Chicago White Stockings,NL,,84,56,28,0,.667,1st of 8,
CHC,CHC,1880,Chicago White Stockings,NL,,86,67,17,2,.798,1st of 8,
CHC,CHC,1879,Chicago White Stockings,NL,,83,46,33,4,.582,4th of 8,
CHC,CHC,1878,Chicago White Stockings,NL,,61,30,30,1,.500,4th of 6,
CHC,CHC,1877,Chicago White Stockings,NL,,60,26,33,1,.441,5th of 6,
CHC,CHC,1876,Chicago White Stockings,NL,,66,52,14,0,.788,1st of 8,
CHW,CHW,2026,Chicago White Sox,AL,Central,110,58,52,0,.527,1st of 5,
CHW,CHW,2025,Chicago White Sox,AL,Central,162,60,102,0,.370,5th of 5,
CHW,CHW,2024,Chicago White Sox,AL,Central,162,41,121,0,.253,5th of 5,
CHW,CHW,2023,Chicago White Sox,AL,Central,162,61,101,0,.377,4th of 5,
CHW,CHW,2022,Chicago White Sox,AL,Central,162,81,81,0,.500,2nd of 5,
CHW,CHW,2021,Chicago White Sox,AL,Central,162,93,69,0,.574,1st of 5,Lost ALDS (3-1)
CHW,CHW,2020,Chicago White Sox,AL,Central,60,35,25,0,.583,3rd of 5,Lost ALWC (2-1)
CHW,CHW,2019,Chicago White Sox,AL,Central,161,72,89,0,.447,3rd of 5,
CHW,CHW,2018,Chicago White Sox,AL,Central,162,62,100,0,.383,4th of 5,
CHW,CHW,2017,Chicago White Sox,AL,Central,162,67,95,0,.414,4th of 5,
CHW,CHW,2016,Chicago White Sox,AL,Central,162,78,84,0,.481,4th of 5,
CHW,CHW,2015,Chicago White Sox,AL,Central,162,76,86,0,.469,4th of 5,
CHW,CHW,2014,Chicago White Sox,AL,Central,162,73,89,0,.451,4th of 5,
CHW,CHW,2013,Chicago White Sox,AL,Central,162,63,99,0,.389,5th of 5,
CHW,CHW,2012,Chicago White Sox,AL,Central,162,85,77,0,.525,2nd of 5,
CHW,CHW,2011,Chicago White Sox,AL,Central,162,79,83,0,.488,3rd of 5,
CHW,CHW,2010,Chicago White Sox,AL,Central,162,88,74,0,.543,2nd of 5,
CHW,CHW,2009,Chicago White Sox,AL,Central,162,79,83,0,.488,3rd of 5,
CHW,CHW,2008,Chicago White Sox,AL,Central,163,89,74,0,.546,1st of 5,Lost ALDS (3-1)
CHW,CHW,2007,Chicago White Sox,AL,Central,162,72,90,0,.444,4th of 5,
CHW,CHW,2006,Chicago White Sox,AL,Central,162,90,72,0,.556,3rd of 5,
CHW,CHW,2005,Chicago White Sox,AL,Central,162,99,63,0,.611,1st of 5,Won WS (4-0)
CHW,CHW,2004,Chicago White Sox,AL,Central,162,83,79,0,.512,2nd of 5,
CHW,CHW,2003,Chicago White Sox,AL,Central,162,86,76,0,.531,2nd of 5,
CHW,CHW,2002,Chicago White Sox,AL,Central,162,81,81,0,.500,2nd of 5,
CHW,CHW,2001,Chicago White Sox,AL,Central,162,83,79,0,.512,3rd of 5,
CHW,CHW,2000,Chicago White Sox,AL,Central,162,95,67,0,.586,1st of 5,Lost ALDS (3-0)
CHW,CHW,1999,Chicago White Sox,AL,Central,162,75,86,1,.466,2nd of 5,
CHW,CHW,1998,Chicago White Sox,AL,Central,163,80,82,1,.494,2nd of 5,
CHW,CHW,1997,Chicago White Sox,AL,Central,161,80,81,0,.497,2nd of 5,
CHW,CHW,1996,Chicago White Sox,AL,Central,162,85,77,0,.525,2nd of 5,
CHW,CHW,1995,Chicago White Sox,AL,Central,145,68,76,1,.472,3rd of 5,
CHW,CHW,1994,Chicago White Sox,AL,Central,113,67,46,0,.593,1st of 5,
CHW,CHW,1993,Chicago White Sox,AL,West,162,94,68,0,.580,1st of 7,Lost ALCS (4-2)
CHW,CHW,1992,Chicago White Sox,AL,West,162,86,76,0,.531,3rd of 7,
CHW,CHW,1991,Chicago White Sox,AL,West,162,87,75,0,.537,2nd of 7,
CHW,CHW,1990,Chicago White Sox,AL,West,162,94,68,0,.580,2nd of 7,
CHW,CHW,1989,Chicago White Sox,AL,West,161,69,92,0,.429,7th of 7,
CHW,CHW,1988,Chicago White Sox,AL,West,161,71,90,0,.441,5th of 7,
CHW,CHW,1987,Chicago White Sox,AL,West,162,77,85,0,.475,5th of 7,
CHW,CHW,1986,Chicago White Sox,AL,West,162,72,90,0,.444,5th of 7,
CHW,CHW,1985,Chicago White Sox,AL,West,163,85,77,1,.525,3rd of 7,
CHW,CHW,1984,Chicago White Sox,AL,West,162,74,88,0,.457,5th of 7,
CHW,CHW,1983,Chicago White Sox,AL,West,162,99,63,0,.611,1st of 7,Lost ALCS (3-1)
CHW,CHW,1982,Chicago White Sox,AL,West,162,87,75,0,.537,3rd of 7,
CHW,CHW,1981,Chicago White Sox,AL,West,106,54,52,0,.509,3rd of 7,
CHW,CHW,1980,Chicago White Sox,AL,West,162,70,90,2,.438,5th of 7,
CHW,CHW,1979,Chicago White Sox,AL,West,160,73,87,0,.456,5th of 7,
CHW,CHW,1978,Chicago White Sox,AL,West,161,71,90,0,.441,5th of 7,
CHW,CHW,1977,Chicago White Sox,AL,West,162,90,72,0,.556,3rd of 7,
CHW,CHW,1976,Chicago White Sox,AL,West,161,64,97,0,.398,6th of 6,
CHW,CHW,1975,Chicago White Sox,AL,West,161,75,86,0,.466,5th of 6,
CHW,CHW,1974,Chicago White Sox,AL,West,163,80,80,3,.500,4th of 6,
CHW,CHW,1973,Chicago White Sox,AL,West,162,77,85,0,.475,5th of 6,
CHW,CHW,1972,Chicago White Sox,AL,West,154,87,67,0,.565,2nd of 6,
CHW,CHW,1971,Chicago White Sox,AL,West,162,79,83,0,.488,3rd of 6,
CHW,CHW,1970,Chicago White Sox,AL,West,162,56,106,0,.346,6th of 6,
CHW,CHW,1969,Chicago White Sox,AL,West,162,68,94,0,.420,5th of 6,
CHW,CHW,1968,Chicago White Sox,AL,,162,67,95,0,.414,8th of 10,
CHW,CHW,1967,Chicago White Sox,AL,,162,89,73,0,.549,4th of 10,
CHW,CHW,1966,Chicago White Sox,AL,,163,83,79,1,.512,4th of 10,
CHW,CHW,1965,Chicago White Sox,AL,,162,95,67,0,.586,2nd of 10,
CHW,CHW,1964,Chicago White Sox,AL,,162,98,64,0,.605,2nd of 10,
CHW,CHW,1963,Chicago White Sox,AL,,162,94,68,0,.580,2nd of 10,
CHW,CHW,1962,Chicago White Sox,AL,,162,85,77,0,.525,5th of 10,
CHW,CHW,1961,Chicago White Sox,AL,,163,86,76,1,.531,4th of 10,
CHW,CHW,1960,Chicago White Sox,AL,,154,87,67,0,.565,3rd of 8,
CHW,CHW,1959,Chicago White Sox,AL,,156,94,60,2,.610,1st of 8,Lost WS (4-2)
CHW,CHW,1958,Chicago White Sox,AL,,155,82,72,1,.532,2nd of 8,
CHW,CHW,1957,Chicago White Sox,AL,,155,90,64,1,.584,2nd of 8,
CHW,CHW,1956,Chicago White Sox,AL,,154,85,69,0,.552,3rd of 8,
CHW,CHW,1955,Chicago White Sox,AL,,155,91,63,1,.591,3rd of 8,
CHW,CHW,1954,Chicago White Sox,AL,,155,94,60,1,.610,3rd of 8,
CHW,CHW,1953,Chicago White Sox,AL,,156,89,65,2,.578,3rd of 8,
CHW,CHW,1952,Chicago White Sox,AL,,156,81,73,2,.526,3rd of 8,
CHW,CHW,1951,Chicago White Sox,AL,,155,81,73,1,.526,4th of 8,
CHW,CHW,1950,Chicago White Sox,AL,,156,60,94,2,.390,6th of 8,
CHW,CHW,1949,Chicago White Sox,AL,,154,63,91,0,.409,6th of 8,
CHW,CHW,1948,Chicago White Sox,AL,,154,51,101,2,.336,8th of 8,
CHW,CHW,1947,Chicago White Sox,AL,,155,70,84,1,.455,6th of 8,
CHW,CHW,1946,Chicago White Sox,AL,,155,74,80,1,.481,5th of 8,
CHW,CHW,1945,Chicago White Sox,AL,,150,71,78,1,.477,6th of 8,
CHW,CHW,1944,Chicago White Sox,AL,,154,71,83,0,.461,7th of 8,
CHW,CHW,1943,Chicago White Sox,AL,,155,82,72,1,.532,4th of 8,
CHW,CHW,1942,Chicago White Sox,AL,,148,66,82,0,.446,6th of 8,
CHW,CHW,1941,Chicago White Sox,AL,,156,77,77,2,.500,3rd of 8,
CHW,CHW,1940,Chicago White Sox,AL,,155,82,72,1,.532,4th of 8,
CHW,CHW,1939,Chicago White Sox,AL,,155,85,69,1,.552,4th of 8,
CHW,CHW,1938,Chicago White Sox,AL,,149,65,83,1,.439,6th of 8,
CHW,CHW,1937,Chicago White Sox,AL,,154,86,68,0,.558,3rd of 8,
CHW,CHW,1936,Chicago White Sox,AL,,153,81,70,2,.536,4th of 8,
CHW,CHW,1935,Chicago White Sox,AL,,153,74,78,1,.487,5th of 8,
CHW,CHW,1934,Chicago White Sox,AL,,153,53,99,1,.349,8th of 8,
CHW,CHW,1933,Chicago White Sox,AL,,151,67,83,1,.447,6th of 8,
CHW,CHW,1932,Chicago White Sox,AL,,152,49,102,1,.325,7th of 8,
CHW,CHW,1931,Chicago White Sox,AL,,156,56,97,3,.366,8th of 8,
CHW,CHW,1930,Chicago White Sox,AL,,154,62,92,0,.403,7th of 8,
CHW,CHW,1929,Chicago White Sox,AL,,152,59,93,0,.388,7th of 8,
CHW,CHW,1928,Chicago White Sox,AL,,155,72,82,1,.468,5th of 8,
CHW,CHW,1927,Chicago White Sox,AL,,153,70,83,0,.458,5th of 8,
CHW,CHW,1926,Chicago White Sox,AL,,155,81,72,2,.529,5th of 8,
CHW,CHW,1925,Chicago White Sox,AL,,154,79,75,0,.513,5th of 8,
CHW,CHW,1924,Chicago White Sox,AL,,154,66,87,1,.431,8th of 8,
CHW,CHW,1923,Chicago White Sox,AL,,156,69,85,2,.448,7th of 8,
CHW,CHW,1922,Chicago White Sox,AL,,155,77,77,1,.500,5th of 8,
CHW,CHW,1921,Chicago White Sox,AL,,154,62,92,0,.403,7th of 8,
CHW,CHW,1920,Chicago White Sox,AL,,154,96,58,0,.623,2nd of 8,
CHW,CHW,1919,Chicago White Sox,AL,,140,88,52,0,.629,1st of 8,Lost WS (5-3)
CHW,CHW,1918,Chicago White Sox,AL,,124,57,67,0,.460,6th of 8,
CHW,CHW,1917,Chicago White Sox,AL,,156,100,54,2,.649,1st of 8,Won WS (4-2)
CHW,CHW,1916,Chicago White Sox,AL,,155,89,65,1,.578,2nd of 8,
CHW,CHW,1915,Chicago White Sox,AL,,155,93,61,1,.604,3rd of 8,
CHW,CHW,1914,Chicago White Sox,AL,,157,70,84,3,.455,6th of 8,
CHW,CHW,1913,Chicago White Sox,AL,,153,78,74,1,.513,5th of 8,
CHW,CHW,1912,Chicago White Sox,AL,,158,78,76,4,.506,4th of 8,
CHW,CHW,1911,Chicago White Sox,AL,,154,77,74,3,.510,4th of 8,
CHW,CHW,1910,Chicago White Sox,AL,,156,68,85,3,.444,6th of 8,
CHW,CHW,1909,Chicago White Sox,AL,,159,78,74,7,.513,4th of 8,
CHW,CHW,1908,Chicago White Sox,AL,,156,88,64,4,.579,3rd of 8,
CHW,CHW,1907,Chicago White Sox,AL,,157,87,64,6,.576,3rd of 8,
CHW,CHW,1906,Chicago White Sox,AL,,154,93,58,3,.616,1st of 8,Won WS (4-2)
CHW,CHW,1905,Chicago White Sox,AL,,158,92,60,6,.605,2nd of 8,
CHW,CHW,1904,Chicago White Sox,AL,,156,89,65,2,.578,3rd of 8,
CHW,CHW,1903,Chicago White Sox,AL,,138,60,77,1,.438,7th of 8,
CHW,CHW,1902,Chicago White Sox,AL,,138,74,60,4,.552,4th of 8,
CHW,CHW,1901,Chicago White Sox,AL,,137,83,53,1,.610,1st of 8,
CLE,CLE,2026,Cleveland Guardians,AL,Central,112,56,56,0,.500,2nd of 5,
CLE,CLE,2025,Cleveland Guardians,AL,Central,162,88,74,0,.543,1st of 5,Lost ALWC (2-1)
CLE,CLE,2024,Cleveland Guardians,AL,Central,161,92,69,0,.571,1st of 5,Lost ALCS (4-1)
CLE,CLE,2023,Cleveland Guardians,AL,Central,162,76,86,0,.469,3rd of 5,
CLE,CLE,2022,Cleveland Guardians,AL,Central,162,92,70,0,.568,1st of 5,Lost ALDS (3-2)
CLE,CLE,2021,Cleveland Indians,AL,Central,162,80,82,0,.494,2nd of 5,
CLE,CLE,2020,Cleveland Indians,AL,Central,60,35,25,0,.583,2nd of 5,Lost ALWC (2-0)
CLE,CLE,2019,Cleveland Indians,AL,Central,162,93,69,0,.574,2nd of 5,
CLE,CLE,2018,Cleveland Indians,AL,Central,162,91,71,0,.562,1st of 5,Lost ALDS (3-0)
CLE,CLE,2017,Cleveland Indians,AL,Central,162,102,60,0,.630,1st of 5,Lost ALDS (3-2)
CLE,CLE,2016,Cleveland Indians,AL,Central,161,94,67,0,.584,1st of 5,Lost WS (4-3)
CLE,CLE,2015,Cleveland Indians,AL,Central,161,81,80,0,.503,3rd of 5,
CLE,CLE,2014,Cleveland Indians,AL,Central,162,85,77,0,.525,3rd of 5,
CLE,CLE,2013,Cleveland Indians,AL,Central,162,92,70,0,.568,2nd of 5,Lost ALWC (1-0)
CLE,CLE,2012,Cleveland Indians,AL,Central,162,68,94,0,.420,4th of 5,
CLE,CLE,2011,Cleveland Indians,AL,Central,162,80,82,0,.494,2nd of 5,
CLE,CLE,2010,Cleveland Indians,AL,Central,162,69,93,0,.426,4th of 5,
CLE,CLE,2009,Cleveland Indians,AL,Central,162,65,97,0,.401,4th of 5,
CLE,CLE,2008,Cleveland Indians,AL,Central,162,81,81,0,.500,3rd of 5,
CLE,CLE,2007,Cleveland Indians,AL,Central,162,96,66,0,.593,1st of 5,Lost ALCS (4-3)
CLE,CLE,2006,Cleveland Indians,AL,Central,162,78,84,0,.481,4th of 5,
CLE,CLE,2005,Cleveland Indians,AL,Central,162,93,69,0,.574,2nd of 5,
CLE,CLE,2004,Cleveland Indians,AL,Central,162,80,82,0,.494,3rd of 5,
CLE,CLE,2003,Cleveland Indians,AL,Central,162,68,94,0,.420,4th of 5,
CLE,CLE,2002,Cleveland Indians,AL,Central,162,74,88,0,.457,3rd of 5,
CLE,CLE,2001,Cleveland Indians,AL,Central,162,91,71,0,.562,1st of 5,Lost ALDS (3-2)
CLE,CLE,2000,Cleveland Indians,AL,Central,162,90,72,0,.556,2nd of 5,
CLE,CLE,1999,Cleveland Indians,AL,Central,162,97,65,0,.599,1st of 5,Lost ALDS (3-2)
CLE,CLE,1998,Cleveland Indians,AL,Central,162,89,73,0,.549,1st of 5,Lost ALCS (4-2)
CLE,CLE,1997,Cleveland Indians,AL,Central,161,86,75,0,.534,1st of 5,Lost WS (4-3)
CLE,CLE,1996,Cleveland Indians,AL,Central,161,99,62,0,.615,1st of 5,Lost ALDS (3-1)
CLE,CLE,1995,Cleveland Indians,AL,Central,144,100,44,0,.694,1st of 5,Lost WS (4-2)
CLE,CLE,1994,Cleveland Indians,AL,Central,113,66,47,0,.584,2nd of 5,
CLE,CLE,1993,Cleveland Indians,AL,East,162,76,86,0,.469,6th of 7,
CLE,CLE,1992,Cleveland Indians,AL,East,162,76,86,0,.469,4th of 7,
CLE,CLE,1991,Cleveland Indians,AL,East,162,57,105,0,.352,7th of 7,
CLE,CLE,1990,Cleveland Indians,AL,East,162,77,85,0,.475,4th of 7,
CLE,CLE,1989,Cleveland Indians,AL,East,162,73,89,0,.451,6th of 7,
CLE,CLE,1988,Cleveland Indians,AL,East,162,78,84,0,.481,6th of 7,
CLE,CLE,1987,Cleveland Indians,AL,East,162,61,101,0,.377,7th of 7,
CLE,CLE,1986,Cleveland Indians,AL,East,163,84,78,1,.519,5th of 7,
CLE,CLE,1985,Cleveland Indians,AL,East,162,60,102,0,.370,7th of 7,
CLE,CLE,1984,Cleveland Indians,AL,East,163,75,87,1,.463,6th of 7,
CLE,CLE,1983,Cleveland Indians,AL,East,162,70,92,0,.432,7th of 7,
CLE,CLE,1982,Cleveland Indians,AL,East,162,78,84,0,.481,6th of 7,
CLE,CLE,1981,Cleveland Indians,AL,East,103,52,51,0,.505,6th of 7,
CLE,CLE,1980,Cleveland Indians,AL,East,160,79,81,0,.494,6th of 7,
CLE,CLE,1979,Cleveland Indians,AL,East,161,81,80,0,.503,6th of 7,
CLE,CLE,1978,Cleveland Indians,AL,East,159,69,90,0,.434,6th of 7,
CLE,CLE,1977,Cleveland Indians,AL,East,161,71,90,0,.441,5th of 7,
CLE,CLE,1976,Cleveland Indians,AL,East,159,81,78,0,.509,4th of 6,
CLE,CLE,1975,Cleveland Indians,AL,East,159,79,80,0,.497,4th of 6,
CLE,CLE,1974,Cleveland Indians,AL,East,162,77,85,0,.475,4th of 6,
CLE,CLE,1973,Cleveland Indians,AL,East,162,71,91,0,.438,6th of 6,
CLE,CLE,1972,Cleveland Indians,AL,East,156,72,84,0,.462,5th of 6,
CLE,CLE,1971,Cleveland Indians,AL,East,162,60,102,0,.370,6th of 6,
CLE,CLE,1970,Cleveland Indians,AL,East,162,76,86,0,.469,5th of 6,
CLE,CLE,1969,Cleveland Indians,AL,East,161,62,99,0,.385,6th of 6,
CLE,CLE,1968,Cleveland Indians,AL,,162,86,75,1,.534,3rd of 10,
CLE,CLE,1967,Cleveland Indians,AL,,162,75,87,0,.463,8th of 10,
CLE,CLE,1966,Cleveland Indians,AL,,162,81,81,0,.500,5th of 10,
CLE,CLE,1965,Cleveland Indians,AL,,162,87,75,0,.537,5th of 10,
CLE,CLE,1964,Cleveland Indians,AL,,164,79,83,2,.488,6th of 10,
CLE,CLE,1963,Cleveland Indians,AL,,162,79,83,0,.488,5th of 10,
CLE,CLE,1962,Cleveland Indians,AL,,162,80,82,0,.494,6th of 10,
CLE,CLE,1961,Cleveland Indians,AL,,161,78,83,0,.484,5th of 10,
CLE,CLE,1960,Cleveland Indians,AL,,154,76,78,0,.494,4th of 8,
CLE,CLE,1959,Cleveland Indians,AL,,154,89,65,0,.578,2nd of 8,
CLE,CLE,1958,Cleveland Indians,AL,,153,77,76,0,.503,4th of 8,
CLE,CLE,1957,Cleveland Indians,AL,,153,76,77,0,.497,6th of 8,
CLE,CLE,1956,Cleveland Indians,AL,,155,88,66,1,.571,2nd of 8,
CLE,CLE,1955,Cleveland Indians,AL,,154,93,61,0,.604,2nd of 8,
CLE,CLE,1954,Cleveland Indians,AL,,156,111,43,2,.721,1st of 8,Lost WS (4-0)
CLE,CLE,1953,Cleveland Indians,AL,,155,92,62,1,.597,2nd of 8,
CLE,CLE,1952,Cleveland Indians,AL,,155,93,61,1,.604,2nd of 8,
CLE,CLE,1951,Cleveland Indians,AL,,155,93,61,1,.604,2nd of 8,
CLE,CLE,1950,Cleveland Indians,AL,,155,92,62,1,.597,4th of 8,
CLE,CLE,1949,Cleveland Indians,AL,,154,89,65,0,.578,3rd of 8,
CLE,CLE,1948,Cleveland Indians,AL,,156,97,58,1,.626,1st of 8,Won WS (4-2)
CLE,CLE,1947,Cleveland Indians,AL,,157,80,74,3,.519,4th of 8,
CLE,CLE,1946,Cleveland Indians,AL,,156,68,86,2,.442,6th of 8,
CLE,CLE,1945,Cleveland Indians,AL,,147,73,72,2,.503,5th of 8,
CLE,CLE,1944,Cleveland Indians,AL,,155,72,82,1,.468,5th of 8,
CLE,CLE,1943,Cleveland Indians,AL,,153,82,71,0,.536,3rd of 8,
CLE,CLE,1942,Cleveland Indians,AL,,156,75,79,2,.487,4th of 8,
CLE,CLE,1941,Cleveland Indians,AL,,155,75,79,1,.487,4th of 8,
CLE,CLE,1940,Cleveland Indians,AL,,155,89,65,1,.578,2nd of 8,
CLE,CLE,1939,Cleveland Indians,AL,,154,87,67,0,.565,3rd of 8,
CLE,CLE,1938,Cleveland Indians,AL,,153,86,66,1,.566,3rd of 8,
CLE,CLE,1937,Cleveland Indians,AL,,156,83,71,2,.539,4th of 8,
CLE,CLE,1936,Cleveland Indians,AL,,157,80,74,3,.519,5th of 8,
CLE,CLE,1935,Cleveland Indians,AL,,156,82,71,3,.536,3rd of 8,
CLE,CLE,1934,Cleveland Indians,AL,,154,85,69,0,.552,3rd of 8,
CLE,CLE,1933,Cleveland Indians,AL,,151,75,76,0,.497,4th of 8,
CLE,CLE,1932,Cleveland Indians,AL,,153,87,65,1,.572,4th of 8,
CLE,CLE,1931,Cleveland Indians,AL,,155,78,76,1,.506,4th of 8,
CLE,CLE,1930,Cleveland Indians,AL,,154,81,73,0,.526,4th of 8,
CLE,CLE,1929,Cleveland Indians,AL,,152,81,71,0,.533,3rd of 8,
CLE,CLE,1928,Cleveland Indians,AL,,155,62,92,1,.403,7th of 8,
CLE,CLE,1927,Cleveland Indians,AL,,153,66,87,0,.431,6th of 8,
CLE,CLE,1926,Cleveland Indians,AL,,154,88,66,0,.571,2nd of 8,
CLE,CLE,1925,Cleveland Indians,AL,,155,70,84,1,.455,6th of 8,
CLE,CLE,1924,Cleveland Indians,AL,,153,67,86,0,.438,6th of 8,
CLE,CLE,1923,Cleveland Indians,AL,,153,82,71,0,.536,3rd of 8,
CLE,CLE,1922,Cleveland Indians,AL,,155,78,76,1,.506,4th of 8,
CLE,CLE,1921,Cleveland Indians,AL,,154,94,60,0,.610,2nd of 8,
CLE,CLE,1920,Cleveland Indians,AL,,154,98,56,0,.636,1st of 8,Won WS (5-2)
CLE,CLE,1919,Cleveland Indians,AL,,139,84,55,0,.604,2nd of 8,
CLE,CLE,1918,Cleveland Indians,AL,,129,73,54,2,.575,2nd of 8,
CLE,CLE,1917,Cleveland Indians,AL,,156,88,66,2,.571,3rd of 8,
CLE,CLE,1916,Cleveland Indians,AL,,157,77,77,3,.500,6th of 8,
CLE,CLE,1915,Cleveland Indians,AL,,154,57,95,2,.375,7th of 8,
CLE,CLE,1914,Cleveland Naps,AL,,157,51,102,4,.333,8th of 8,
CLE,CLE,1913,Cleveland Naps,AL,,155,86,66,3,.566,3rd of 8,
CLE,CLE,1912,Cleveland Naps,AL,,155,75,78,2,.490,5th of 8,
CLE,CLE,1911,Cleveland Naps,AL,,156,80,73,3,.523,3rd of 8,
CLE,CLE,1910,Cleveland Naps,AL,,161,71,81,9,.467,5th of 8,
CLE,CLE,1909,Cleveland Naps,AL,,155,71,82,2,.464,6th of 8,
CLE,CLE,1908,Cleveland Naps,AL,,157,90,64,3,.584,2nd of 8,
CLE,CLE,1907,Cleveland Naps,AL,,158,85,67,6,.559,4th of 8,
CLE,CLE,1906,Cleveland Naps,AL,,157,89,64,4,.582,3rd of 8,
CLE,CLE,1905,Cleveland Napoleons,AL,,155,76,78,1,.494,5th of 8,
CLE,CLE,1904,Cleveland Napoleons,AL,,154,86,65,3,.570,4th of 8,
CLE,CLE,1903,Cleveland Napoleons,AL,,140,77,63,0,.550,3rd of 8,
CLE,CLE,1902,Cleveland Blues,AL,,137,69,67,1,.507,5th of 8,
CLE,CLE,1901,Cleveland,AL,,138,54,82,2,.397,7th of 8,
DET,DET,2026,Detroit Tigers,AL,Central,111,53,58,0,.477,4th of 5,
DET,DET,2025,Detroit Tigers,AL,Central,162,87,75,0,.537,2nd of 5,Lost ALDS (3-2)
DET,DET,2024,Detroit Tigers,AL,Central,162,86,76,0,.531,3rd of 5,Lost ALDS (3-2)
DET,DET,2023,Detroit Tigers,AL,Central,162,78,84,0,.481,2nd of 5,
DET,DET,2022,Detroit Tigers,AL,Central,162,66,96,0,.407,4th of 5,
DET,DET,2021,Detroit Tigers,AL,Central,162,77,85,0,.475,3rd of 5,
DET,DET,2020,Detroit Tigers,AL,Central,58,23,35,0,.397,5th of 5,
DET,DET,2019,Detroit Tigers,AL,Central,161,47,114,0,.292,5th of 5,
DET,DET,2018,Detroit Tigers,AL,Central,162,64,98,0,.395,3rd of 5,
DET,DET,2017,Detroit Tigers,AL,Central,162,64,98,0,.395,5th of 5,
DET,DET,2016,Detroit Tigers,AL,Central,161,86,75,0,.534,2nd of 5,
DET,DET,2015,Detroit Tigers,AL,Central,161,74,87,0,.460,5th of 5,
DET,DET,2014,Detroit Tigers,AL,Central,162,90,72,0,.556,1st of 5,Lost ALDS (3-0)
DET,DET,2013,Detroit Tigers,AL,Central,162,93,69,0,.574,1st of 5,Lost ALCS (4-2)
DET,DET,2012,Detroit Tigers,AL,Central,162,88,74,0,.543,1st of 5,Lost WS (4-0)
DET,DET,2011,Detroit Tigers,AL,Central,162,95,67,0,.586,1st of 5,Lost ALCS (4-2)
DET,DET,2010,Detroit Tigers,AL,Central,162,81,81,0,.500,3rd of 5,
DET,DET,2009,Detroit Tigers,AL,Central,163,86,77,0,.528,2nd of 5,
DET,DET,2008,Detroit Tigers,AL,Central,162,74,88,0,.457,5th of 5,
DET,DET,2007,Detroit Tigers,AL,Central,162,88,74,0,.543,2nd of 5,
DET,DET,2006,Detroit Tigers,AL,Central,162,95,67,0,.586,2nd of 5,Lost WS (4-1)
DET,DET,2005,Detroit Tigers,AL,Central,162,71,91,0,.438,4th of 5,
DET,DET,2004,Detroit Tigers,AL,Central,162,72,90,0,.444,4th of 5,
DET,DET,2003,Detroit Tigers,AL,Central,162,43,119,0,.265,5th of 5,
DET,DET,2002,Detroit Tigers,AL,Central,161,55,106,0,.342,5th of 5,
DET,DET,2001,Detroit Tigers,AL,Central,162,66,96,0,.407,4th of 5,
DET,DET,2000,Detroit Tigers,AL,Central,162,79,83,0,.488,3rd of 5,
DET,DET,1999,Detroit Tigers,AL,Central,161,69,92,0,.429,3rd of 5,
DET,DET,1998,Detroit Tigers,AL,Central,162,65,97,0,.401,5th of 5,
DET,DET,1997,Detroit Tigers,AL,East,162,79,83,0,.488,3rd of 5,
DET,DET,1996,Detroit Tigers,AL,East,162,53,109,0,.327,5th of 5,
DET,DET,1995,Detroit Tigers,AL,East,144,60,84,0,.417,4th of 5,
DET,DET,1994,Detroit Tigers,AL,East,115,53,62,0,.461,5th of 5,
DET,DET,1993,Detroit Tigers,AL,East,162,85,77,0,.525,3rd of 7,
DET,DET,1992,Detroit Tigers,AL,East,162,75,87,0,.463,6th of 7,
DET,DET,1991,Detroit Tigers,AL,East,162,84,78,0,.519,2nd of 7,
DET,DET,1990,Detroit Tigers,AL,East,162,79,83,0,.488,3rd of 7,
DET,DET,1989,Detroit Tigers,AL,East,162,59,103,0,.364,7th of 7,
DET,DET,1988,Detroit Tigers,AL,East,162,88,74,0,.543,2nd of 7,
DET,DET,1987,Detroit Tigers,AL,East,162,98,64,0,.605,1st of 7,Lost ALCS (4-1)
DET,DET,1986,Detroit Tigers,AL,East,162,87,75,0,.537,3rd of 7,
DET,DET,1985,Detroit Tigers,AL,East,161,84,77,0,.522,3rd of 7,
DET,DET,1984,Detroit Tigers,AL,East,162,104,58,0,.642,1st of 7,Won WS (4-1)
DET,DET,1983,Detroit Tigers,AL,East,162,92,70,0,.568,2nd of 7,
DET,DET,1982,Detroit Tigers,AL,East,162,83,79,0,.512,4th of 7,
DET,DET,1981,Detroit Tigers,AL,East,109,60,49,0,.550,3rd of 7,
DET,DET,1980,Detroit Tigers,AL,East,163,84,78,1,.519,4th of 7,
DET,DET,1979,Detroit Tigers,AL,East,161,85,76,0,.528,5th of 7,
DET,DET,1978,Detroit Tigers,AL,East,162,86,76,0,.531,5th of 7,
DET,DET,1977,Detroit Tigers,AL,East,162,74,88,0,.457,4th of 7,
DET,DET,1976,Detroit Tigers,AL,East,161,74,87,0,.460,5th of 6,
DET,DET,1975,Detroit Tigers,AL,East,159,57,102,0,.358,6th of 6,
DET,DET,1974,Detroit Tigers,AL,East,162,72,90,0,.444,6th of 6,
DET,DET,1973,Detroit Tigers,AL,East,162,85,77,0,.525,3rd of 6,
DET,DET,1972,Detroit Tigers,AL,East,156,86,70,0,.551,1st of 6,Lost ALCS (3-2)
DET,DET,1971,Detroit Tigers,AL,East,162,91,71,0,.562,2nd of 6,
DET,DET,1970,Detroit Tigers,AL,East,162,79,83,0,.488,4th of 6,
DET,DET,1969,Detroit Tigers,AL,East,162,90,72,0,.556,2nd of 6,
DET,DET,1968,Detroit Tigers,AL,,164,103,59,2,.636,1st of 10,Won WS (4-3)
DET,DET,1967,Detroit Tigers,AL,,163,91,71,1,.562,2nd of 10,
DET,DET,1966,Detroit Tigers,AL,,162,88,74,0,.543,3rd of 10,
DET,DET,1965,Detroit Tigers,AL,,162,89,73,0,.549,4th of 10,
DET,DET,1964,Detroit Tigers,AL,,163,85,77,1,.525,4th of 10,
DET,DET,1963,Detroit Tigers,AL,,162,79,83,0,.488,5th of 10,
DET,DET,1962,Detroit Tigers,AL,,161,85,76,0,.528,4th of 10,
DET,DET,1961,Detroit Tigers,AL,,163,101,61,1,.623,2nd of 10,
DET,DET,1960,Detroit Tigers,AL,,154,71,83,0,.461,6th of 8,
DET,DET,1959,Detroit Tigers,AL,,154,76,78,0,.494,4th of 8,
DET,DET,1958,Detroit Tigers,AL,,154,77,77,0,.500,5th of 8,
DET,DET,1957,Detroit Tigers,AL,,154,78,76,0,.506,4th of 8,
DET,DET,1956,Detroit Tigers,AL,,155,82,72,1,.532,5th of 8,
DET,DET,1955,Detroit Tigers,AL,,154,79,75,0,.513,5th of 8,
DET,DET,1954,Detroit Tigers,AL,,155,68,86,1,.442,5th of 8,
DET,DET,1953,Detroit Tigers,AL,,158,60,94,4,.390,6th of 8,
DET,DET,1952,Detroit Tigers,AL,,156,50,104,2,.325,8th of 8,
DET,DET,1951,Detroit Tigers,AL,,154,73,81,0,.474,5th of 8,
DET,DET,1950,Detroit Tigers,AL,,157,95,59,3,.617,2nd of 8,
DET,DET,1949,Detroit Tigers,AL,,155,87,67,1,.565,4th of 8,
DET,DET,1948,Detroit Tigers,AL,,154,78,76,0,.506,5th of 8,
DET,DET,1947,Detroit Tigers,AL,,158,85,69,4,.552,2nd of 8,
DET,DET,1946,Detroit Tigers,AL,,155,92,62,1,.597,2nd of 8,
DET,DET,1945,Detroit Tigers,AL,,155,88,65,2,.575,1st of 8,Won WS (4-3)
DET,DET,1944,Detroit Tigers,AL,,156,88,66,2,.571,2nd of 8,
DET,DET,1943,Detroit Tigers,AL,,155,78,76,1,.506,5th of 8,
DET,DET,1942,Detroit Tigers,AL,,156,73,81,2,.474,5th of 8,
DET,DET,1941,Detroit Tigers,AL,,155,75,79,1,.487,4th of 8,
DET,DET,1940,Detroit Tigers,AL,,155,90,64,1,.584,1st of 8,Lost WS (4-3)
DET,DET,1939,Detroit Tigers,AL,,155,81,73,1,.526,5th of 8,
DET,DET,1938,Detroit Tigers,AL,,155,84,70,1,.545,4th of 8,
DET,DET,1937,Detroit Tigers,AL,,155,89,65,1,.578,2nd of 8,
DET,DET,1936,Detroit Tigers,AL,,154,83,71,0,.539,2nd of 8,
DET,DET,1935,Detroit Tigers,AL,,152,93,58,1,.616,1st of 8,Won WS (4-2)
DET,DET,1934,Detroit Tigers,AL,,154,101,53,0,.656,1st of 8,Lost WS (4-3)
DET,DET,1933,Detroit Tigers,AL,,155,75,79,1,.487,5th of 8,
DET,DET,1932,Detroit Tigers,AL,,153,76,75,2,.503,5th of 8,
DET,DET,1931,Detroit Tigers,AL,,154,61,93,0,.396,7th of 8,
DET,DET,1930,Detroit Tigers,AL,,154,75,79,0,.487,5th of 8,
DET,DET,1929,Detroit Tigers,AL,,155,70,84,1,.455,6th of 8,
DET,DET,1928,Detroit Tigers,AL,,154,68,86,0,.442,6th of 8,
DET,DET,1927,Detroit Tigers,AL,,156,82,71,3,.536,4th of 8,
DET,DET,1926,Detroit Tigers,AL,,157,79,75,3,.513,6th of 8,
DET,DET,1925,Detroit Tigers,AL,,156,81,73,2,.526,4th of 8,
DET,DET,1924,Detroit Tigers,AL,,156,86,68,2,.558,3rd of 8,
DET,DET,1923,Detroit Tigers,AL,,155,83,71,1,.539,2nd of 8,
DET,DET,1922,Detroit Tigers,AL,,155,79,75,1,.513,3rd of 8,
DET,DET,1921,Detroit Tigers,AL,,154,71,82,1,.464,6th of 8,
DET,DET,1920,Detroit Tigers,AL,,155,61,93,1,.396,7th of 8,
DET,DET,1919,Detroit Tigers,AL,,140,80,60,0,.571,4th of 8,
DET,DET,1918,Detroit Tigers,AL,,128,55,71,2,.437,7th of 8,
DET,DET,1917,Detroit Tigers,AL,,154,78,75,1,.510,4th of 8,
DET,DET,1916,Detroit Tigers,AL,,155,87,67,1,.565,3rd of 8,
DET,DET,1915,Detroit Tigers,AL,,156,100,54,2,.649,2nd of 8,
DET,DET,1914,Detroit Tigers,AL,,157,80,73,4,.523,4th of 8,
DET,DET,1913,Detroit Tigers,AL,,153,66,87,0,.431,6th of 8,
DET,DET,1912,Detroit Tigers,AL,,154,69,84,1,.451,6th of 8,
DET,DET,1911,Detroit Tigers,AL,,154,89,65,0,.578,2nd of 8,
DET,DET,1910,Detroit Tigers,AL,,155,86,68,1,.558,3rd of 8,
DET,DET,1909,Detroit Tigers,AL,,158,98,54,6,.645,1st of 8,Lost WS (4-3)
DET,DET,1908,Detroit Tigers,AL,,154,90,63,1,.588,1st of 8,Lost WS (4-1)
DET,DET,1907,Detroit Tigers,AL,,153,92,58,3,.613,1st of 8,Lost WS (4-0-1)
DET,DET,1906,Detroit Tigers,AL,,151,71,78,2,.477,6th of 8,
DET,DET,1905,Detroit Tigers,AL,,154,79,74,1,.516,3rd of 8,
DET,DET,1904,Detroit Tigers,AL,,162,62,90,10,.408,7th of 8,
DET,DET,1903,Detroit Tigers,AL,,137,65,71,1,.478,5th of 8,
DET,DET,1902,Detroit Tigers,AL,,137,52,83,2,.385,7th of 8,
DET,DET,1901,Detroit Tigers,AL,,136,74,61,1,.548,3rd of 8,
KCR,KCR,2026,Kansas City Royals,AL,Central,112,46,66,0,.411,5th of 5,
KCR,KCR,2025,Kansas City Royals,AL,Central,162,82,80,0,.506,3rd of 5,
KCR,KCR,2024,Kansas City Royals,AL,Central,162,86,76,0,.531,2nd of 5,Lost ALDS (3-1)
KCR,KCR,2023,Kansas City Royals,AL,Central,162,56,106,0,.346,5th of 5,
KCR,KCR,2022,Kansas City Royals,AL,Central,162,65,97,0,.401,5th of 5,
KCR,KCR,2021,Kansas City Royals,AL,Central,162,74,88,0,.457,4th of 5,
KCR,KCR,2020,Kansas City Royals,AL,Central,60,26,34,0,.433,4th of 5,
KCR,KCR,2019,Kansas City Royals,AL,Central,162,59,103,0,.364,4th of 5,
KCR,KCR,2018,Kansas City Royals,AL,Central,162,58,104,0,.358,5th of 5,
KCR,KCR,2017,Kansas City Royals,AL,Central,162,80,82,0,.494,3rd of 5,
KCR,KCR,2016,Kansas City Royals,AL,Central,162,81,81,0,.500,3rd of 5,
KCR,KCR,2015,Kansas City Royals,AL,Central,162,95,67,0,.586,1st of 5,Won WS (4-1)
KCR,KCR,2014,Kansas City Royals,AL,Central,162,89,73,0,.549,2nd of 5,Lost WS (4-3)
KCR,KCR,2013,Kansas City Royals,AL,Central,162,86,76,0,.531,3rd of 5,
KCR,KCR,2012,Kansas City Royals,AL,Central,162,72,90,0,.444,3rd of 5,
KCR,KCR,2011,Kansas City Royals,AL,Central,162,71,91,0,.438,4th of 5,
KCR,KCR,2010,Kansas City Royals,AL,Central,162,67,95,0,.414,5th of 5,
KCR,KCR,2009,Kansas City Royals,AL,Central,162,65,97,0,.401,4th of 5,
KCR,KCR,2008,Kansas City Royals,AL,Central,162,75,87,0,.463,4th of 5,
KCR,KCR,2007,Kansas City Royals,AL,Central,162,69,93,0,.426,5th of 5,
KCR,KCR,2006,Kansas City Royals,AL,Central,162,62,100,0,.383,5th of 5,
KCR,KCR,2005,Kansas City Royals,AL,Central,162,56,106,0,.346,5th of 5,
KCR,KCR,2004,Kansas City Royals,AL,Central,162,58,104,0,.358,5th of 5,
KCR,KCR,2003,Kansas City Royals,AL,Central,162,83,79,0,.512,3rd of 5,
KCR,KCR,2002,Kansas City Royals,AL,Central,162,62,100,0,.383,4th of 5,
KCR,KCR,2001,Kansas City Royals,AL,Central,162,65,97,0,.401,5th of 5,
KCR,KCR,2000,Kansas City Royals,AL,Central,162,77,85,0,.475,4th of 5,
KCR,KCR,1999,Kansas City Royals,AL,Central,161,64,97,0,.398,4th of 5,
KCR,KCR,1998,Kansas City Royals,AL,Central,161,72,89,0,.447,3rd of 5,
KCR,KCR,1997,Kansas City Royals,AL,Central,161,67,94,0,.416,5th of 5,
KCR,KCR,1996,Kansas City Royals,AL,Central,161,75,86,0,.466,5th of 5,
KCR,KCR,1995,Kansas City Royals,AL,Central,144,70,74,0,.486,2nd of 5,
KCR,KCR,1994,Kansas City Royals,AL,Central,115,64,51,0,.557,3rd of 5,
KCR,KCR,1993,Kansas City Royals,AL,West,162,84,78,0,.519,3rd of 7,
KCR,KCR,1992,Kansas City Royals,AL,West,162,72,90,0,.444,5th of 7,
KCR,KCR,1991,Kansas City Royals,AL,West,162,82,80,0,.506,6th of 7,
KCR,KCR,1990,Kansas City Royals,AL,West,161,75,86,0,.466,6th of 7,
KCR,KCR,1989,Kansas City Royals,AL,West,162,92,70,0,.568,2nd of 7,
KCR,KCR,1988,Kansas City Royals,AL,West,161,84,77,0,.522,3rd of 7,
KCR,KCR,1987,Kansas City Royals,AL,West,162,83,79,0,.512,2nd of 7,
KCR,KCR,1986,Kansas City Royals,AL,West,162,76,86,0,.469,3rd of 7,
KCR,KCR,1985,Kansas City Royals,AL,West,162,91,71,0,.562,1st of 7,Won WS (4-3)
KCR,KCR,1984,Kansas City Royals,AL,West,162,84,78,0,.519,1st of 7,Lost ALCS (3-0)
KCR,KCR,1983,Kansas City Royals,AL,West,163,79,83,1,.488,2nd of 7,
KCR,KCR,1982,Kansas City Royals,AL,West,162,90,72,0,.556,2nd of 7,
KCR,KCR,1981,Kansas City Royals,AL,West,103,50,53,0,.485,4th of 7,Lost ALDS (3-0)
KCR,KCR,1980,Kansas City Royals,AL,West,162,97,65,0,.599,1st of 7,Lost WS (4-2)
KCR,KCR,1979,Kansas City Royals,AL,West,162,85,77,0,.525,2nd of 7,
KCR,KCR,1978,Kansas City Royals,AL,West,162,92,70,0,.568,1st of 7,Lost ALCS (3-1)
KCR,KCR,1977,Kansas City Royals,AL,West,162,102,60,0,.630,1st of 7,Lost ALCS (3-2)
KCR,KCR,1976,Kansas City Royals,AL,West,162,90,72,0,.556,1st of 6,Lost ALCS (3-2)
KCR,KCR,1975,Kansas City Royals,AL,West,162,91,71,0,.562,2nd of 6,
KCR,KCR,1974,Kansas City Royals,AL,West,162,77,85,0,.475,5th of 6,
KCR,KCR,1973,Kansas City Royals,AL,West,162,88,74,0,.543,2nd of 6,
KCR,KCR,1972,Kansas City Royals,AL,West,154,76,78,0,.494,4th of 6,
KCR,KCR,1971,Kansas City Royals,AL,West,161,85,76,0,.528,2nd of 6,
KCR,KCR,1970,Kansas City Royals,AL,West,162,65,97,0,.401,4th of 6,
KCR,KCR,1969,Kansas City Royals,AL,West,163,69,93,1,.426,4th of 6,
MIN,MIN,2026,Minnesota Twins,AL,Central,112,56,56,0,.500,2nd of 5,
MIN,MIN,2025,Minnesota Twins,AL,Central,162,70,92,0,.432,4th of 5,
MIN,MIN,2024,Minnesota Twins,AL,Central,162,82,80,0,.506,4th of 5,
MIN,MIN,2023,Minnesota Twins,AL,Central,162,87,75,0,.537,1st of 5,Lost ALDS (3-1)
MIN,MIN,2022,Minnesota Twins,AL,Central,162,78,84,0,.481,3rd of 5,
MIN,MIN,2021,Minnesota Twins,AL,Central,162,73,89,0,.451,5th of 5,
MIN,MIN,2020,Minnesota Twins,AL,Central,60,36,24,0,.600,1st of 5,Lost ALWC (2-0)
MIN,MIN,2019,Minnesota Twins,AL,Central,162,101,61,0,.623,1st of 5,Lost ALDS (3-0)
MIN,MIN,2018,Minnesota Twins,AL,Central,162,78,84,0,.481,2nd of 5,
MIN,MIN,2017,Minnesota Twins,AL,Central,162,85,77,0,.525,2nd of 5,Lost ALWC (1-0)
MIN,MIN,2016,Minnesota Twins,AL,Central,162,59,103,0,.364,5th of 5,
MIN,MIN,2015,Minnesota Twins,AL,Central,162,83,79,0,.512,2nd of 5,
MIN,MIN,2014,Minnesota Twins,AL,Central,162,70,92,0,.432,5th of 5,
MIN,MIN,2013,Minnesota Twins,AL,Central,162,66,96,0,.407,4th of 5,
MIN,MIN,2012,Minnesota Twins,AL,Central,162,66,96,0,.407,5th of 5,
MIN,MIN,2011,Minnesota Twins,AL,Central,162,63,99,0,.389,5th of 5,
MIN,MIN,2010,Minnesota Twins,AL,Central,162,94,68,0,.580,1st of 5,Lost ALDS (3-0)
MIN,MIN,2009,Minnesota Twins,AL,Central,163,87,76,0,.534,1st of 5,Lost ALDS (3-0)
MIN,MIN,2008,Minnesota Twins,AL,Central,163,88,75,0,.540,2nd of 5,
MIN,MIN,2007,Minnesota Twins,AL,Central,162,79,83,0,.488,3rd of 5,
MIN,MIN,2006,Minnesota Twins,AL,Central,162,96,66,0,.593,1st of 5,Lost ALDS (3-0)
MIN,MIN,2005,Minnesota Twins,AL,Central,162,83,79,0,.512,3rd of 5,
MIN,MIN,2004,Minnesota Twins,AL,Central,162,92,70,0,.568,1st of 5,Lost ALDS (3-1)
MIN,MIN,2003,Minnesota Twins,AL,Central,162,90,72,0,.556,1st of 5,Lost ALDS (3-1)
MIN,MIN,2002,Minnesota Twins,AL,Central,161,94,67,0,.584,1st of 5,Lost ALCS (4-1)
MIN,MIN,2001,Minnesota Twins,AL,Central,162,85,77,0,.525,2nd of 5,
MIN,MIN,2000,Minnesota Twins,AL,Central,162,69,93,0,.426,5th of 5,
MIN,MIN,1999,Minnesota Twins,AL,Central,161,63,97,1,.394,5th of 5,
MIN,MIN,1998,Minnesota Twins,AL,Central,162,70,92,0,.432,4th of 5,
MIN,MIN,1997,Minnesota Twins,AL,Central,162,68,94,0,.420,4th of 5,
MIN,MIN,1996,Minnesota Twins,AL,Central,162,78,84,0,.481,4th of 5,
MIN,MIN,1995,Minnesota Twins,AL,Central,144,56,88,0,.389,5th of 5,
MIN,MIN,1994,Minnesota Twins,AL,Central,113,53,60,0,.469,4th of 5,
MIN,MIN,1993,Minnesota Twins,AL,West,162,71,91,0,.438,5th of 7,
MIN,MIN,1992,Minnesota Twins,AL,West,162,90,72,0,.556,2nd of 7,
MIN,MIN,1991,Minnesota Twins,AL,West,162,95,67,0,.586,1st of 7,Won WS (4-3)
MIN,MIN,1990,Minnesota Twins,AL,West,162,74,88,0,.457,7th of 7,
MIN,MIN,1989,Minnesota Twins,AL,West,162,80,82,0,.494,5th of 7,
MIN,MIN,1988,Minnesota Twins,AL,West,162,91,71,0,.562,2nd of 7,
MIN,MIN,1987,Minnesota Twins,AL,West,162,85,77,0,.525,1st of 7,Won WS (4-3)
MIN,MIN,1986,Minnesota Twins,AL,West,162,71,91,0,.438,6th of 7,
MIN,MIN,1985,Minnesota Twins,AL,West,162,77,85,0,.475,4th of 7,
MIN,MIN,1984,Minnesota Twins,AL,West,162,81,81,0,.500,2nd of 7,
MIN,MIN,1983,Minnesota Twins,AL,West,162,70,92,0,.432,5th of 7,
MIN,MIN,1982,Minnesota Twins,AL,West,162,60,102,0,.370,7th of 7,
MIN,MIN,1981,Minnesota Twins,AL,West,110,41,68,1,.376,7th of 7,
MIN,MIN,1980,Minnesota Twins,AL,West,161,77,84,0,.478,3rd of 7,
MIN,MIN,1979,Minnesota Twins,AL,West,162,82,80,0,.506,4th of 7,
MIN,MIN,1978,Minnesota Twins,AL,West,162,73,89,0,.451,4th of 7,
MIN,MIN,1977,Minnesota Twins,AL,West,161,84,77,0,.522,4th of 7,
MIN,MIN,1976,Minnesota Twins,AL,West,162,85,77,0,.525,3rd of 6,
MIN,MIN,1975,Minnesota Twins,AL,West,159,76,83,0,.478,4th of 6,
MIN,MIN,1974,Minnesota Twins,AL,West,163,82,80,1,.506,3rd of 6,
MIN,MIN,1973,Minnesota Twins,AL,West,162,81,81,0,.500,3rd of 6,
MIN,MIN,1972,Minnesota Twins,AL,West,154,77,77,0,.500,3rd of 6,
MIN,MIN,1971,Minnesota Twins,AL,West,160,74,86,0,.463,5th of 6,
MIN,MIN,1970,Minnesota Twins,AL,West,162,98,64,0,.605,1st of 6,Lost ALCS (3-0)
MIN,MIN,1969,Minnesota Twins,AL,West,162,97,65,0,.599,1st of 6,Lost ALCS (3-0)
MIN,MIN,1968,Minnesota Twins,AL,,162,79,83,0,.488,7th of 10,
MIN,MIN,1967,Minnesota Twins,AL,,164,91,71,2,.562,2nd of 10,
MIN,MIN,1966,Minnesota Twins,AL,,162,89,73,0,.549,2nd of 10,
MIN,MIN,1965,Minnesota Twins,AL,,162,102,60,0,.630,1st of 10,Lost WS (4-3)
MIN,MIN,1964,Minnesota Twins,AL,,163,79,83,1,.488,6th of 10,
MIN,MIN,1963,Minnesota Twins,AL,,161,91,70,0,.565,3rd of 10,
MIN,MIN,1962,Minnesota Twins,AL,,163,91,71,1,.562,2nd of 10,
MIN,MIN,1961,Minnesota Twins,AL,,161,70,90,1,.438,7th of 10,
MIN,WSH,1960,Washington Senators,AL,,154,73,81,0,.474,5th of 8,
MIN,WSH,1959,Washington Senators,AL,,154,63,91,0,.409,8th of 8,
MIN,WSH,1958,Washington Senators,AL,,156,61,93,2,.396,8th of 8,
MIN,WSH,1957,Washington Senators,AL,,154,55,99,0,.357,8th of 8,
MIN,WSH,1956,Washington Nationals,AL,,155,59,95,1,.383,7th of 8,
MIN,WSH,1955,Washington Nationals,AL,,154,53,101,0,.344,8th of 8,
MIN,WSH,1954,Washington Nationals,AL,,155,66,88,1,.429,6th of 8,
MIN,WSH,1953,Washington Nationals,AL,,152,76,76,0,.500,5th of 8,
MIN,WSH,1952,Washington Nationals,AL,,157,78,76,3,.506,5th of 8,
MIN,WSH,1951,Washington Nationals,AL,,154,62,92,0,.403,7th of 8,
MIN,WSH,1950,Washington Nationals,AL,,155,67,87,1,.435,5th of 8,
MIN,WSH,1949,Washington Nationals,AL,,154,50,104,0,.325,8th of 8,
MIN,WSH,1948,Washington Nationals,AL,,154,56,97,1,.366,7th of 8,
MIN,WSH,1947,Washington Nationals,AL,,154,64,90,0,.416,7th of 8,
MIN,WSH,1946,Washington Nationals,AL,,155,76,78,1,.494,4th of 8,
MIN,WSH,1945,Washington Nationals,AL,,156,87,67,2,.565,2nd of 8,
MIN,WSH,1944,Washington Nationals,AL,,154,64,90,0,.416,8th of 8,
MIN,WSH,1943,Washington Nationals,AL,,153,84,69,0,.549,2nd of 8,
MIN,WSH,1942,Washington Nationals,AL,,151,62,89,0,.411,7th of 8,
MIN,WSH,1941,Washington Nationals,AL,,156,70,84,2,.455,6th of 8,
MIN,WSH,1940,Washington Nationals,AL,,154,64,90,0,.416,7th of 8,
MIN,WSH,1939,Washington Nationals,AL,,153,65,87,1,.428,6th of 8,
MIN,WSH,1938,Washington Nationals,AL,,152,75,76,1,.497,5th of 8,
MIN,WSH,1937,Washington Nationals,AL,,158,73,80,5,.477,6th of 8,
MIN,WSH,1936,Washington Nationals,AL,,153,82,71,0,.536,3rd of 8,
MIN,WSH,1935,Washington Nationals,AL,,154,67,86,1,.438,6th of 8,
MIN,WSH,1934,Washington Nationals,AL,,155,66,86,3,.434,7th of 8,
MIN,WSH,1933,Washington Nationals,AL,,153,99,53,1,.651,1st of 8,Lost WS (4-1)
MIN,WSH,1932,Washington Nationals,AL,,154,93,61,0,.604,3rd of 8,
MIN,WSH,1931,Washington Nationals,AL,,156,92,62,2,.597,3rd of 8,
MIN,WSH,1930,Washington Nationals,AL,,154,94,60,0,.610,2nd of 8,
MIN,WSH,1929,Washington Nationals,AL,,153,71,81,1,.467,5th of 8,
MIN,WSH,1928,Washington Nationals,AL,,155,75,79,1,.487,4th of 8,
MIN,WSH,1927,Washington Nationals,AL,,157,85,69,3,.552,3rd of 8,
MIN,WSH,1926,Washington Nationals,AL,,152,81,69,2,.540,4th of 8,
MIN,WSH,1925,Washington Nationals,AL,,152,96,55,1,.636,1st of 8,Lost WS (4-3)
MIN,WSH,1924,Washington Nationals,AL,,156,92,62,2,.597,1st of 8,Won WS (4-3)
MIN,WSH,1923,Washington Nationals,AL,,155,75,78,2,.490,4th of 8,
MIN,WSH,1922,Washington Nationals,AL,,154,69,85,0,.448,6th of 8,
MIN,WSH,1921,Washington Nationals,AL,,154,80,73,1,.523,4th of 8,
MIN,WSH,1920,Washington Nationals,AL,,153,68,84,1,.447,6th of 8,
MIN,WSH,1919,Washington Nationals,AL,,142,56,84,2,.400,7th of 8,
MIN,WSH,1918,Washington Nationals,AL,,130,72,56,2,.563,3rd of 8,
MIN,WSH,1917,Washington Nationals,AL,,157,74,79,4,.484,5th of 8,
MIN,WSH,1916,Washington Nationals,AL,,159,76,77,6,.497,7th of 8,
MIN,WSH,1915,Washington Nationals,AL,,155,85,68,2,.556,4th of 8,
MIN,WSH,1914,Washington Nationals,AL,,158,81,73,4,.526,3rd of 8,
MIN,WSH,1913,Washington Nationals,AL,,155,90,64,1,.584,2nd of 8,
MIN,WSH,1912,Washington Nationals,AL,,154,91,61,2,.599,2nd of 8,
MIN,WSH,1911,Washington Nationals,AL,,154,64,90,0,.416,7th of 8,
MIN,WSH,1910,Washington Nationals,AL,,157,66,85,6,.437,7th of 8,
MIN,WSH,1909,Washington Nationals,AL,,156,42,110,4,.276,8th of 8,
MIN,WSH,1908,Washington Nationals,AL,,155,67,85,3,.441,7th of 8,
MIN,WSH,1907,Washington Nationals,AL,,154,49,102,3,.325,8th of 8,
MIN,WSH,1906,Washington Nationals,AL,,151,55,95,1,.367,7th of 8,
MIN,WSH,1905,Washington Nationals,AL,,154,64,87,3,.424,7th of 8,
MIN,WSH,1904,Washington Senators,AL,,157,38,113,6,.252,8th of 8,
MIN,WSH,1903,Washington Senators,AL,,140,43,94,3,.314,8th of 8,
MIN,WSH,1902,Washington Senators,AL,,138,61,75,2,.449,6th of 8,
MIN,WSH,1901,Washington Senators,AL,,138,61,72,5,.459,6th of 8,
ARI,ARI,2026,Arizona Diamondbacks,NL,West,111,59,52,0,.532,2nd of 5,
ARI,ARI,2025,Arizona Diamondbacks,NL,West,162,80,82,0,.494,4th of 5,
ARI,ARI,2024,Arizona Diamondbacks,NL,West,162,89,73,0,.549,3rd of 5,
ARI,ARI,2023,Arizona Diamondbacks,NL,West,162,84,78,0,.519,2nd of 5,Lost WS (4-1)
ARI,ARI,2022,Arizona Diamondbacks,NL,West,162,74,88,0,.457,4th of 5,
ARI,ARI,2021,Arizona Diamondbacks,NL,West,162,52,110,0,.321,5th of 5,
ARI,ARI,2020,Arizona Diamondbacks,NL,West,60,25,35,0,.417,5th of 5,
ARI,ARI,2019,Arizona Diamondbacks,NL,West,162,85,77,0,.525,2nd of 5,
ARI,ARI,2018,Arizona Diamondbacks,NL,West,162,82,80,0,.506,3rd of 5,
ARI,ARI,2017,Arizona Diamondbacks,NL,West,162,93,69,0,.574,2nd of 5,Lost NLDS (3-0)
ARI,ARI,2016,Arizona Diamondbacks,NL,West,162,69,93,0,.426,4th of 5,
ARI,ARI,2015,Arizona Diamondbacks,NL,West,162,79,83,0,.488,3rd of 5,
ARI,ARI,2014,Arizona Diamondbacks,NL,West,162,64,98,0,.395,5th of 5,
ARI,ARI,2013,Arizona Diamondbacks,NL,West,162,81,81,0,.500,2nd of 5,
ARI,ARI,2012,Arizona Diamondbacks,NL,West,162,81,81,0,.500,3rd of 5,
ARI,ARI,2011,Arizona Diamondbacks,NL,West,162,94,68,0,.580,1st of 5,Lost NLDS (3-2)
ARI,ARI,2010,Arizona Diamondbacks,NL,West,162,65,97,0,.401,5th of 5,
ARI,ARI,2009,Arizona Diamondbacks,NL,West,162,70,92,0,.432,5th of 5,
ARI,ARI,2008,Arizona Diamondbacks,NL,West,162,82,80,0,.506,2nd of 5,
ARI,ARI,2007,Arizona Diamondbacks,NL,West,162,90,72,0,.556,1st of 5,Lost NLCS (4-0)
ARI,ARI,2006,Arizona Diamondbacks,NL,West,162,76,86,0,.469,4th of 5,
ARI,ARI,2005,Arizona Diamondbacks,NL,West,162,77,85,0,.475,2nd of 5,
ARI,ARI,2004,Arizona Diamondbacks,NL,West,162,51,111,0,.315,5th of 5,
ARI,ARI,2003,Arizona Diamondbacks,NL,West,162,84,78,0,.519,3rd of 5,
ARI,ARI,2002,Arizona Diamondbacks,NL,West,162,98,64,0,.605,1st of 5,Lost NLDS (3-0)
ARI,ARI,2001,Arizona Diamondbacks,NL,West,162,92,70,0,.568,1st of 5,Won WS (4-3)
ARI,ARI,2000,Arizona Diamondbacks,NL,West,162,85,77,0,.525,3rd of 5,
ARI,ARI,1999,Arizona Diamondbacks,NL,West,162,100,62,0,.617,1st of 5,Lost NLDS (3-1)
ARI,ARI,1998,Arizona Diamondbacks,NL,West,162,65,97,0,.401,5th of 5,
COL,COL,2026,Colorado Rockies,NL,West,111,44,67,0,.396,5th of 5,
COL,COL,2025,Colorado Rockies,NL,West,162,43,119,0,.265,5th of 5,
COL,COL,2024,Colorado Rockies,NL,West,162,61,101,0,.377,5th of 5,
COL,COL,2023,Colorado Rockies,NL,West,162,59,103,0,.364,5th of 5,
COL,COL,2022,Colorado Rockies,NL,West,162,68,94,0,.420,5th of 5,
COL,COL,2021,Colorado Rockies,NL,West,161,74,87,0,.460,4th of 5,
COL,COL,2020,Colorado Rockies,NL,West,60,26,34,0,.433,4th of 5,
COL,COL,2019,Colorado Rockies,NL,West,162,71,91,0,.438,4th of 5,
COL,COL,2018,Colorado Rockies,NL,West,163,91,72,0,.558,2nd of 5,Lost NLDS (3-0)
COL,COL,2017,Colorado Rockies,NL,West,162,87,75,0,.537,3rd of 5,Lost NLWC (1-0)
COL,COL,2016,Colorado Rockies,NL,West,162,75,87,0,.463,3rd of 5,
COL,COL,2015,Colorado Rockies,NL,West,162,68,94,0,.420,5th of 5,
COL,COL,2014,Colorado Rockies,NL,West,162,66,96,0,.407,4th of 5,
COL,COL,2013,Colorado Rockies,NL,West,162,74,88,0,.457,5th of 5,
COL,COL,2012,Colorado Rockies,NL,West,162,64,98,0,.395,5th of 5,
COL,COL,2011,Colorado Rockies,NL,West,162,73,89,0,.451,4th of 5,
COL,COL,2010,Colorado Rockies,NL,West,162,83,79,0,.512,3rd of 5,
COL,COL,2009,Colorado Rockies,NL,West,162,92,70,0,.568,2nd of 5,Lost NLDS (3-1)
COL,COL,2008,Colorado Rockies,NL,West,162,74,88,0,.457,3rd of 5,
COL,COL,2007,Colorado Rockies,NL,West,163,90,73,0,.552,2nd of 5,Lost WS (4-0)
COL,COL,2006,Colorado Rockies,NL,West,162,76,86,0,.469,4th of 5,
COL,COL,2005,Colorado Rockies,NL,West,162,67,95,0,.414,5th of 5,
COL,COL,2004,Colorado Rockies,NL,West,162,68,94,0,.420,4th of 5,
COL,COL,2003,Colorado Rockies,NL,West,162,74,88,0,.457,4th of 5,
COL,COL,2002,Colorado Rockies,NL,West,162,73,89,0,.451,4th of 5,
COL,COL,2001,Colorado Rockies,NL,West,162,73,89,0,.451,5th of 5,
COL,COL,2000,Colorado Rockies,NL,West,162,82,80,0,.506,4th of 5,
COL,COL,1999,Colorado Rockies,NL,West,162,72,90,0,.444,5th of 5,
COL,COL,1998,Colorado Rockies,NL,West,162,77,85,0,.475,4th of 5,
COL,COL,1997,Colorado Rockies,NL,West,162,83,79,0,.512,3rd of 4,
COL,COL,1996,Colorado Rockies,NL,West,162,83,79,0,.512,3rd of 4,
COL,COL,1995,Colorado Rockies,NL,West,144,77,67,0,.535,2nd of 4,Lost NLDS (3-1)
COL,COL,1994,Colorado Rockies,NL,West,117,53,64,0,.453,3rd of 4,
COL,COL,1993,Colorado Rockies,NL,West,162,67,95,0,.414,6th of 7,
LAD,LAD,2026,Los Angeles Dodgers,NL,West,111,69,42,0,.622,1st of 5,
LAD,LAD,2025,Los Angeles Dodgers,NL,West,162,93,69,0,.574,1st of 5,Won WS (4-3)
LAD,LAD,2024,Los Angeles Dodgers,NL,West,162,98,64,0,.605,1st of 5,Won WS (4-1)
LAD,LAD,2023,Los Angeles Dodgers,NL,West,162,100,62,0,.617,1st of 5,Lost NLDS (3-0)
LAD,LAD,2022,Los Angeles Dodgers,NL,West,162,111,51,0,.685,1st of 5,Lost NLDS (3-1)
LAD,LAD,2021,Los Angeles Dodgers,NL,West,162,106,56,0,.654,2nd of 5,Lost NLCS (4-2)
LAD,LAD,2020,Los Angeles Dodgers,NL,West,60,43,17,0,.717,1st of 5,Won WS (4-2)
LAD,LAD,2019,Los Angeles Dodgers,NL,West,162,106,56,0,.654,1st of 5,Lost NLDS (3-2)
LAD,LAD,2018,Los Angeles Dodgers,NL,West,163,92,71,0,.564,1st of 5,Lost WS (4-1)
LAD,LAD,2017,Los Angeles Dodgers,NL,West,162,104,58,0,.642,1st of 5,Lost WS (4-3)
LAD,LAD,2016,Los Angeles Dodgers,NL,West,162,91,71,0,.562,1st of 5,Lost NLCS (4-2)
LAD,LAD,2015,Los Angeles Dodgers,NL,West,162,92,70,0,.568,1st of 5,Lost NLDS (3-2)
LAD,LAD,2014,Los Angeles Dodgers,NL,West,162,94,68,0,.580,1st of 5,Lost NLDS (3-1)
LAD,LAD,2013,Los Angeles Dodgers,NL,West,162,92,70,0,.568,1st of 5,Lost NLCS (4-2)
LAD,LAD,2012,Los Angeles Dodgers,NL,West,162,86,76,0,.531,2nd of 5,
LAD,LAD,2011,Los Angeles Dodgers,NL,West,161,82,79,0,.509,3rd of 5,
LAD,LAD,2010,Los Angeles Dodgers,NL,West,162,80,82,0,.494,4th of 5,
LAD,LAD,2009,Los Angeles Dodgers,NL,West,162,95,67,0,.586,1st of 5,Lost NLCS (4-1)
LAD,LAD,2008,Los Angeles Dodgers,NL,West,162,84,78,0,.519,1st of 5,Lost NLCS (4-1)
LAD,LAD,2007,Los Angeles Dodgers,NL,West,162,82,80,0,.506,4th of 5,
LAD,LAD,2006,Los Angeles Dodgers,NL,West,162,88,74,0,.543,2nd of 5,Lost NLDS (3-0)
LAD,LAD,2005,Los Angeles Dodgers,NL,West,162,71,91,0,.438,4th of 5,
LAD,LAD,2004,Los Angeles Dodgers,NL,West,162,93,69,0,.574,1st of 5,Lost NLDS (3-1)
LAD,LAD,2003,Los Angeles Dodgers,NL,West,162,85,77,0,.525,2nd of 5,
LAD,LAD,2002,Los Angeles Dodgers,NL,West,162,92,70,0,.568,3rd of 5,
LAD,LAD,2001,Los Angeles Dodgers,NL,West,162,86,76,0,.531,3rd of 5,
LAD,LAD,2000,Los Angeles Dodgers,NL,West,162,86,76,0,.531,2nd of 5,
LAD,LAD,1999,Los Angeles Dodgers,NL,West,162,77,85,0,.475,3rd of 5,
LAD,LAD,1998,Los Angeles Dodgers,NL,West,162,83,79,0,.512,3rd of 5,
LAD,LAD,1997,Los Angeles Dodgers,NL,West,162,88,74,0,.543,2nd of 4,
LAD,LAD,1996,Los Angeles Dodgers,NL,West,162,90,72,0,.556,2nd of 4,Lost NLDS (3-0)
LAD,LAD,1995,Los Angeles Dodgers,NL,West,144,78,66,0,.542,1st of 4,Lost NLDS (3-0)
LAD,LAD,1994,Los Angeles Dodgers,NL,West,114,58,56,0,.509,1st of 4,
LAD,LAD,1993,Los Angeles Dodgers,NL,West,162,81,81,0,.500,4th of 7,
LAD,LAD,1992,Los Angeles Dodgers,NL,West,162,63,99,0,.389,6th of 6,
LAD,LAD,1991,Los Angeles Dodgers,NL,West,162,93,69,0,.574,2nd of 6,
LAD,LAD,1990,Los Angeles Dodgers,NL,West,162,86,76,0,.531,2nd of 6,
LAD,LAD,1989,Los Angeles Dodgers,NL,West,160,77,83,0,.481,4th of 6,
LAD,LAD,1988,Los Angeles Dodgers,NL,West,162,94,67,1,.584,1st of 6,Won WS (4-1)
LAD,LAD,1987,Los Angeles Dodgers,NL,West,162,73,89,0,.451,4th of 6,
LAD,LAD,1986,Los Angeles Dodgers,NL,West,162,73,89,0,.451,5th of 6,
LAD,LAD,1985,Los Angeles Dodgers,NL,West,162,95,67,0,.586,1st of 6,Lost NLCS (4-2)
LAD,LAD,1984,Los Angeles Dodgers,NL,West,162,79,83,0,.488,4th of 6,
LAD,LAD,1983,Los Angeles Dodgers,NL,West,163,91,71,1,.562,1st of 6,Lost NLCS (3-1)
LAD,LAD,1982,Los Angeles Dodgers,NL,West,162,88,74,0,.543,2nd of 6,
LAD,LAD,1981,Los Angeles Dodgers,NL,West,110,63,47,0,.573,2nd of 6,Won WS (4-2)
LAD,LAD,1980,Los Angeles Dodgers,NL,West,163,92,71,0,.564,2nd of 6,
LAD,LAD,1979,Los Angeles Dodgers,NL,West,162,79,83,0,.488,3rd of 6,
LAD,LAD,1978,Los Angeles Dodgers,NL,West,162,95,67,0,.586,1st of 6,Lost WS (4-2)
LAD,LAD,1977,Los Angeles Dodgers,NL,West,162,98,64,0,.605,1st of 6,Lost WS (4-2)
LAD,LAD,1976,Los Angeles Dodgers,NL,West,162,92,70,0,.568,2nd of 6,
LAD,LAD,1975,Los Angeles Dodgers,NL,West,162,88,74,0,.543,2nd of 6,
LAD,LAD,1974,Los Angeles Dodgers,NL,West,162,102,60,0,.630,1st of 6,Lost WS (4-1)
LAD,LAD,1973,Los Angeles Dodgers,NL,West,162,95,66,1,.590,2nd of 6,
LAD,LAD,1972,Los Angeles Dodgers,NL,West,155,85,70,0,.548,2nd of 6,
LAD,LAD,1971,Los Angeles Dodgers,NL,West,162,89,73,0,.549,2nd of 6,
LAD,LAD,1970,Los Angeles Dodgers,NL,West,161,87,74,0,.540,2nd of 6,
LAD,LAD,1969,Los Angeles Dodgers,NL,West,162,85,77,0,.525,4th of 6,
LAD,LAD,1968,Los Angeles Dodgers,NL,,162,76,86,0,.469,7th of 10,
LAD,LAD,1967,Los Angeles Dodgers,NL,,162,73,89,0,.451,8th of 10,
LAD,LAD,1966,Los Angeles Dodgers,NL,,162,95,67,0,.586,1st of 10,Lost WS (4-0)
LAD,LAD,1965,Los Angeles Dodgers,NL,,162,97,65,0,.599,1st of 10,Won WS (4-3)
LAD,LAD,1964,Los Angeles Dodgers,NL,,164,80,82,2,.494,6th of 10,
LAD,LAD,1963,Los Angeles Dodgers,NL,,163,99,63,1,.611,1st of 10,Won WS (4-0)
LAD,LAD,1962,Los Angeles Dodgers,NL,,165,102,63,0,.618,2nd of 10,
LAD,LAD,1961,Los Angeles Dodgers,NL,,154,89,65,0,.578,2nd of 8,
LAD,LAD,1960,Los Angeles Dodgers,NL,,154,82,72,0,.532,4th of 8,
LAD,LAD,1959,Los Angeles Dodgers,NL,,156,88,68,0,.564,1st of 8,Won WS (4-2)
LAD,LAD,1958,Los Angeles Dodgers,NL,,154,71,83,0,.461,7th of 8,
LAD,BRO,1957,Brooklyn Dodgers,NL,,154,84,70,0,.545,3rd of 8,
LAD,BRO,1956,Brooklyn Dodgers,NL,,154,93,61,0,.604,1st of 8,Lost WS (4-3)
LAD,BRO,1955,Brooklyn Dodgers,NL,,154,98,55,1,.641,1st of 8,Won WS (4-3)
LAD,BRO,1954,Brooklyn Dodgers,NL,,154,92,62,0,.597,2nd of 8,
LAD,BRO,1953,Brooklyn Dodgers,NL,,155,105,49,1,.682,1st of 8,Lost WS (4-2)
LAD,BRO,1952,Brooklyn Dodgers,NL,,155,96,57,2,.627,1st of 8,Lost WS (4-3)
LAD,BRO,1951,Brooklyn Dodgers,NL,,158,97,60,1,.618,2nd of 8,
LAD,BRO,1950,Brooklyn Dodgers,NL,,155,89,65,1,.578,2nd of 8,
LAD,BRO,1949,Brooklyn Dodgers,NL,,156,97,57,2,.630,1st of 8,Lost WS (4-1)
LAD,BRO,1948,Brooklyn Dodgers,NL,,155,84,70,1,.545,3rd of 8,
LAD,BRO,1947,Brooklyn Dodgers,NL,,155,94,60,1,.610,1st of 8,Lost WS (4-3)
LAD,BRO,1946,Brooklyn Dodgers,NL,,157,96,60,1,.615,2nd of 8,
LAD,BRO,1945,Brooklyn Dodgers,NL,,155,87,67,1,.565,3rd of 8,
LAD,BRO,1944,Brooklyn Dodgers,NL,,155,63,91,1,.409,7th of 8,
LAD,BRO,1943,Brooklyn Dodgers,NL,,153,81,72,0,.529,3rd of 8,
LAD,BRO,1942,Brooklyn Dodgers,NL,,155,104,50,1,.675,2nd of 8,
LAD,BRO,1941,Brooklyn Dodgers,NL,,157,100,54,3,.649,1st of 8,Lost WS (4-1)
LAD,BRO,1940,Brooklyn Dodgers,NL,,156,88,65,3,.575,2nd of 8,
LAD,BRO,1939,Brooklyn Dodgers,NL,,157,84,69,4,.549,3rd of 8,
LAD,BRO,1938,Brooklyn Dodgers,NL,,151,69,80,2,.463,7th of 8,
LAD,BRO,1937,Brooklyn Dodgers,NL,,155,62,91,2,.405,6th of 8,
LAD,BRO,1936,Brooklyn Dodgers,NL,,156,67,87,2,.435,7th of 8,
LAD,BRO,1935,Brooklyn Dodgers,NL,,154,70,83,1,.458,5th of 8,
LAD,BRO,1934,Brooklyn Dodgers,NL,,153,71,81,1,.467,6th of 8,
LAD,BRO,1933,Brooklyn Dodgers,NL,,157,65,88,4,.425,6th of 8,
LAD,BRO,1932,Brooklyn Dodgers,NL,,154,81,73,0,.526,3rd of 8,
LAD,BRO,1931,Brooklyn Robins,NL,,153,79,73,1,.520,4th of 8,
LAD,BRO,1930,Brooklyn Robins,NL,,154,86,68,0,.558,4th of 8,
LAD,BRO,1929,Brooklyn Robins,NL,,153,70,83,0,.458,6th of 8,
LAD,BRO,1928,Brooklyn Robins,NL,,155,77,76,2,.503,6th of 8,
LAD,BRO,1927,Brooklyn Robins,NL,,154,65,88,1,.425,6th of 8,
LAD,BRO,1926,Brooklyn Robins,NL,,155,71,82,2,.464,6th of 8,
LAD,BRO,1925,Brooklyn Robins,NL,,153,68,85,0,.444,6th of 8,
LAD,BRO,1924,Brooklyn Robins,NL,,154,92,62,0,.597,2nd of 8,
LAD,BRO,1923,Brooklyn Robins,NL,,155,76,78,1,.494,6th of 8,
LAD,BRO,1922,Brooklyn Robins,NL,,155,76,78,1,.494,6th of 8,
LAD,BRO,1921,Brooklyn Robins,NL,,152,77,75,0,.507,5th of 8,
LAD,BRO,1920,Brooklyn Robins,NL,,155,93,61,1,.604,1st of 8,Lost WS (5-2)
LAD,BRO,1919,Brooklyn Robins,NL,,141,69,71,1,.493,5th of 8,
LAD,BRO,1918,Brooklyn Robins,NL,,126,57,69,0,.452,5th of 8,
LAD,BRO,1917,Brooklyn Robins,NL,,156,70,81,5,.464,7th of 8,
LAD,BRO,1916,Brooklyn Robins,NL,,156,94,60,2,.610,1st of 8,Lost WS (4-1)
LAD,BRO,1915,Brooklyn Dodgers,NL,,154,80,72,2,.526,3rd of 8,
LAD,BRO,1914,Brooklyn Dodgers,NL,,154,75,79,0,.487,5th of 8,
LAD,BRO,1913,Brooklyn Dodgers,NL,,152,65,84,3,.436,6th of 8,
LAD,BRO,1912,Brooklyn Dodgers,NL,,153,58,95,0,.379,7th of 8,
LAD,BRO,1911,Brooklyn Dodgers,NL,,154,64,86,4,.427,7th of 8,
LAD,BRO,1910,Brooklyn Superbas,NL,,156,64,90,2,.416,6th of 8,
LAD,BRO,1909,Brooklyn Superbas,NL,,155,55,98,2,.359,6th of 8,
LAD,BRO,1908,Brooklyn Superbas,NL,,154,53,101,0,.344,7th of 8,
LAD,BRO,1907,Brooklyn Superbas,NL,,153,65,83,5,.439,5th of 8,
LAD,BRO,1906,Brooklyn Superbas,NL,,153,66,86,1,.434,5th of 8,
LAD,BRO,1905,Brooklyn Superbas,NL,,155,48,104,3,.316,8th of 8,
LAD,BRO,1904,Brooklyn Superbas,NL,,154,56,97,1,.366,6th of 8,
LAD,BRO,1903,Brooklyn Superbas,NL,,139,70,66,3,.515,5th of 8,
LAD,BRO,1902,Brooklyn Superbas,NL,,141,75,63,3,.543,2nd of 8,
LAD,BRO,1901,Brooklyn Superbas,NL,,137,79,57,1,.581,3rd of 8,
LAD,BRO,1900,Brooklyn Superbas,NL,,142,82,54,6,.603,1st of 8,
LAD,BRO,1899,Brooklyn Superbas,NL,,150,101,47,2,.682,1st of 12,
LAD,BRO,1898,Brooklyn Grooms,NL,,149,54,91,4,.372,10th of 12,
LAD,BRO,1897,Brooklyn Grooms,NL,,136,61,71,4,.462,7th of 12,
LAD,BRO,1896,Brooklyn Grooms,NL,,133,58,73,2,.443,10th of 12,
LAD,BRO,1895,Brooklyn Grooms,NL,,134,71,60,3,.542,5th of 12,
LAD,BRO,1894,Brooklyn,NL,,135,70,61,4,.534,5th of 12,
LAD,BRO,1893,Brooklyn,NL,,130,65,63,2,.508,7th of 12,
LAD,BRO,1892,Brooklyn,NL,,158,95,59,4,.617,3rd of 12,
LAD,BRO,1891,Brooklyn,NL,,137,61,76,0,.445,6th of 8,
LAD,BRO,1890,Brooklyn Bridegrooms,NL,,129,86,43,0,.667,1st of 8,Tied in WS (3-3-1)
LAD,BRO,1889,Brooklyn Bridegrooms,AA,,140,93,44,3,.679,1st of 8,Lost WS (6-3)
LAD,BRO,1888,Brooklyn,AA,,143,88,52,3,.629,2nd of 8,
LAD,BRO,1887,Brooklyn,AA,,138,60,74,4,.448,6th of 8,
LAD,BRO,1886,Brooklyn,AA,,141,76,61,4,.555,3rd of 8,
LAD,BRO,1885,Brooklyn,AA,,112,53,59,0,.473,5th of 8,
LAD,BRO,1884,Brooklyn,AA,,109,40,64,5,.385,9th of 13,
SDP,SDP,2026,San Diego Padres,NL,West,111,57,54,0,.514,3rd of 5,
SDP,SDP,2025,San Diego Padres,NL,West,162,90,72,0,.556,2nd of 5,Lost NLWC (2-1)
SDP,SDP,2024,San Diego Padres,NL,West,162,93,69,0,.574,2nd of 5,Lost NLDS (3-2)
SDP,SDP,2023,San Diego Padres,NL,West,162,82,80,0,.506,3rd of 5,
SDP,SDP,2022,San Diego Padres,NL,West,162,89,73,0,.549,2nd of 5,Lost NLCS (4-1)
SDP,SDP,2021,San Diego Padres,NL,West,162,79,83,0,.488,3rd of 5,
SDP,SDP,2020,San Diego Padres,NL,West,60,37,23,0,.617,2nd of 5,Lost NLDS (3-0)
SDP,SDP,2019,San Diego Padres,NL,West,162,70,92,0,.432,5th of 5,
SDP,SDP,2018,San Diego Padres,NL,West,162,66,96,0,.407,5th of 5,
SDP,SDP,2017,San Diego Padres,NL,West,162,71,91,0,.438,4th of 5,
SDP,SDP,2016,San Diego Padres,NL,West,162,68,94,0,.420,5th of 5,
SDP,SDP,2015,San Diego Padres,NL,West,162,74,88,0,.457,4th of 5,
SDP,SDP,2014,San Diego Padres,NL,West,162,77,85,0,.475,3rd of 5,
SDP,SDP,2013,San Diego Padres,NL,West,162,76,86,0,.469,3rd of 5,
SDP,SDP,2012,San Diego Padres,NL,West,162,76,86,0,.469,4th of 5,
SDP,SDP,2011,San Diego Padres,NL,West,162,71,91,0,.438,5th of 5,
SDP,SDP,2010,San Diego Padres,NL,West,162,90,72,0,.556,2nd of 5,
SDP,SDP,2009,San Diego Padres,NL,West,162,75,87,0,.463,4th of 5,
SDP,SDP,2008,San Diego Padres,NL,West,162,63,99,0,.389,5th of 5,
SDP,SDP,2007,San Diego Padres,NL,West,163,89,74,0,.546,3rd of 5,
SDP,SDP,2006,San Diego Padres,NL,West,162,88,74,0,.543,1st of 5,Lost NLDS (3-1)
SDP,SDP,2005,San Diego Padres,NL,West,162,82,80,0,.506,1st of 5,Lost NLDS (3-0)
SDP,SDP,2004,San Diego Padres,NL,West,162,87,75,0,.537,3rd of 5,
SDP,SDP,2003,San Diego Padres,NL,West,162,64,98,0,.395,5th of 5,
SDP,SDP,2002,San Diego Padres,NL,West,162,66,96,0,.407,5th of 5,
SDP,SDP,2001,San Diego Padres,NL,West,162,79,83,0,.488,4th of 5,
SDP,SDP,2000,San Diego Padres,NL,West,162,76,86,0,.469,5th of 5,
SDP,SDP,1999,San Diego Padres,NL,West,162,74,88,0,.457,4th of 5,
SDP,SDP,1998,San Diego Padres,NL,West,162,98,64,0,.605,1st of 5,Lost WS (4-0)
SDP,SDP,1997,San Diego Padres,NL,West,162,76,86,0,.469,4th of 4,
SDP,SDP,1996,San Diego Padres,NL,West,162,91,71,0,.562,1st of 4,Lost NLDS (3-0)
SDP,SDP,1995,San Diego Padres,NL,West,144,70,74,0,.486,3rd of 4,
SDP,SDP,1994,San Diego Padres,NL,West,117,47,70,0,.402,4th of 4,
SDP,SDP,1993,San Diego Padres,NL,West,162,61,101,0,.377,7th of 7,
SDP,SDP,1992,San Diego Padres,NL,West,162,82,80,0,.506,3rd of 6,
SDP,SDP,1991,San Diego Padres,NL,West,162,84,78,0,.519,3rd of 6,
SDP,SDP,1990,San Diego Padres,NL,West,162,75,87,0,.463,4th of 6,
SDP,SDP,1989,San Diego Padres,NL,West,162,89,73,0,.549,2nd of 6,
SDP,SDP,1988,San Diego Padres,NL,West,161,83,78,0,.516,3rd of 6,
SDP,SDP,1987,San Diego Padres,NL,West,162,65,97,0,.401,6th of 6,
SDP,SDP,1986,San Diego Padres,NL,West,162,74,88,0,.457,4th of 6,
SDP,SDP,1985,San Diego Padres,NL,West,162,83,79,0,.512,3rd of 6,
SDP,SDP,1984,San Diego Padres,NL,West,162,92,70,0,.568,1st of 6,Lost WS (4-1)
SDP,SDP,1983,San Diego Padres,NL,West,163,81,81,1,.500,4th of 6,
SDP,SDP,1982,San Diego Padres,NL,West,162,81,81,0,.500,4th of 6,
SDP,SDP,1981,San Diego Padres,NL,West,110,41,69,0,.373,6th of 6,
SDP,SDP,1980,San Diego Padres,NL,West,163,73,89,1,.451,6th of 6,
SDP,SDP,1979,San Diego Padres,NL,West,161,68,93,0,.422,5th of 6,
SDP,SDP,1978,San Diego Padres,NL,West,162,84,78,0,.519,4th of 6,
SDP,SDP,1977,San Diego Padres,NL,West,162,69,93,0,.426,5th of 6,
SDP,SDP,1976,San Diego Padres,NL,West,162,73,89,0,.451,5th of 6,
SDP,SDP,1975,San Diego Padres,NL,West,162,71,91,0,.438,4th of 6,
SDP,SDP,1974,San Diego Padres,NL,West,162,60,102,0,.370,6th of 6,
SDP,SDP,1973,San Diego Padres,NL,West,162,60,102,0,.370,6th of 6,
SDP,SDP,1972,San Diego Padres,NL,West,153,58,95,0,.379,6th of 6,
SDP,SDP,1971,San Diego Padres,NL,West,161,61,100,0,.379,6th of 6,
SDP,SDP,1970,San Diego Padres,NL,West,162,63,99,0,.389,6th of 6,
SDP,SDP,1969,San Diego Padres,NL,West,162,52,110,0,.321,6th of 6,
SFG,SFG,2026,San Francisco Giants,NL,West,111,47,64,0,.423,4th of 5,
SFG,SFG,2025,San Francisco Giants,NL,West,162,81,81,0,.500,3rd of 5,
SFG,SFG,2024,San Francisco Giants,NL,West,162,80,82,0,.494,4th of 5,
SFG,SFG,2023,San Francisco Giants,NL,West,162,79,83,0,.488,4th of 5,
SFG,SFG,2022,San Francisco Giants,NL,West,162,81,81,0,.500,3rd of 5,
SFG,SFG,2021,San Francisco Giants,NL,West,162,107,55,0,.660,1st of 5,Lost NLDS (3-2)
SFG,SFG,2020,San Francisco Giants,NL,West,60,29,31,0,.483,3rd of 5,
SFG,SFG,2019,San Francisco Giants,NL,West,162,77,85,0,.475,3rd of 5,
SFG,SFG,2018,San Francisco Giants,NL,West,162,73,89,0,.451,4th of 5,
SFG,SFG,2017,San Francisco Giants,NL,West,162,64,98,0,.395,5th of 5,
SFG,SFG,2016,San Francisco Giants,NL,West,162,87,75,0,.537,2nd of 5,Lost NLDS (3-1)
SFG,SFG,2015,San Francisco Giants,NL,West,162,84,78,0,.519,2nd of 5,
SFG,SFG,2014,San Francisco Giants,NL,West,162,88,74,0,.543,2nd of 5,Won WS (4-3)
SFG,SFG,2013,San Francisco Giants,NL,West,162,76,86,0,.469,3rd of 5,
SFG,SFG,2012,San Francisco Giants,NL,West,162,94,68,0,.580,1st of 5,Won WS (4-0)
SFG,SFG,2011,San Francisco Giants,NL,West,162,86,76,0,.531,2nd of 5,
SFG,SFG,2010,San Francisco Giants,NL,West,162,92,70,0,.568,1st of 5,Won WS (4-1)
SFG,SFG,2009,San Francisco Giants,NL,West,162,88,74,0,.543,3rd of 5,
SFG,SFG,2008,San Francisco Giants,NL,West,162,72,90,0,.444,4th of 5,
SFG,SFG,2007,San Francisco Giants,NL,West,162,71,91,0,.438,5th of 5,
SFG,SFG,2006,San Francisco Giants,NL,West,161,76,85,0,.472,3rd of 5,
SFG,SFG,2005,San Francisco Giants,NL,West,162,75,87,0,.463,3rd of 5,
SFG,SFG,2004,San Francisco Giants,NL,West,162,91,71,0,.562,2nd of 5,
SFG,SFG,2003,San Francisco Giants,NL,West,161,100,61,0,.621,1st of 5,Lost NLDS (3-1)
SFG,SFG,2002,San Francisco Giants,NL,West,162,95,66,1,.590,2nd of 5,Lost WS (4-3)
SFG,SFG,2001,San Francisco Giants,NL,West,162,90,72,0,.556,2nd of 5,
SFG,SFG,2000,San Francisco Giants,NL,West,162,97,65,0,.599,1st of 5,Lost NLDS (3-1)
SFG,SFG,1999,San Francisco Giants,NL,West,162,86,76,0,.531,2nd of 5,
SFG,SFG,1998,San Francisco Giants,NL,West,163,89,74,0,.546,2nd of 5,
SFG,SFG,1997,San Francisco Giants,NL,West,162,90,72,0,.556,1st of 4,Lost NLDS (3-0)
SFG,SFG,1996,San Francisco Giants,NL,West,162,68,94,0,.420,4th of 4,
SFG,SFG,1995,San Francisco Giants,NL,West,144,67,77,0,.465,4th of 4,
SFG,SFG,1994,San Francisco Giants,NL,West,115,55,60,0,.478,2nd of 4,
SFG,SFG,1993,San Francisco Giants,NL,West,162,103,59,0,.636,2nd of 7,
SFG,SFG,1992,San Francisco Giants,NL,West,162,72,90,0,.444,5th of 6,
SFG,SFG,1991,San Francisco Giants,NL,West,162,75,87,0,.463,4th of 6,
SFG,SFG,1990,San Francisco Giants,NL,West,162,85,77,0,.525,3rd of 6,
SFG,SFG,1989,San Francisco Giants,NL,West,162,92,70,0,.568,1st of 6,Lost WS (4-0)
SFG,SFG,1988,San Francisco Giants,NL,West,162,83,79,0,.512,4th of 6,
SFG,SFG,1987,San Francisco Giants,NL,West,162,90,72,0,.556,1st of 6,Lost NLCS (4-3)
SFG,SFG,1986,San Francisco Giants,NL,West,162,83,79,0,.512,3rd of 6,
SFG,SFG,1985,San Francisco Giants,NL,West,162,62,100,0,.383,6th of 6,
SFG,SFG,1984,San Francisco Giants,NL,West,162,66,96,0,.407,6th of 6,
SFG,SFG,1983,San Francisco Giants,NL,West,162,79,83,0,.488,5th of 6,
SFG,SFG,1982,San Francisco Giants,NL,West,162,87,75,0,.537,3rd of 6,
SFG,SFG,1981,San Francisco Giants,NL,West,111,56,55,0,.505,4th of 6,
SFG,SFG,1980,San Francisco Giants,NL,West,161,75,86,0,.466,5th of 6,
SFG,SFG,1979,San Francisco Giants,NL,West,162,71,91,0,.438,4th of 6,
SFG,SFG,1978,San Francisco Giants,NL,West,162,89,73,0,.549,3rd of 6,
SFG,SFG,1977,San Francisco Giants,NL,West,162,75,87,0,.463,4th of 6,
SFG,SFG,1976,San Francisco Giants,NL,West,162,74,88,0,.457,4th of 6,
SFG,SFG,1975,San Francisco Giants,NL,West,161,80,81,0,.497,3rd of 6,
SFG,SFG,1974,San Francisco Giants,NL,West,162,72,90,0,.444,5th of 6,
SFG,SFG,1973,San Francisco Giants,NL,West,162,88,74,0,.543,3rd of 6,
SFG,SFG,1972,San Francisco Giants,NL,West,155,69,86,0,.445,5th of 6,
SFG,SFG,1971,San Francisco Giants,NL,West,162,90,72,0,.556,1st of 6,Lost NLCS (3-1)
SFG,SFG,1970,San Francisco Giants,NL,West,162,86,76,0,.531,3rd of 6,
SFG,SFG,1969,San Francisco Giants,NL,West,162,90,72,0,.556,2nd of 6,
SFG,SFG,1968,San Francisco Giants,NL,,163,88,74,1,.543,2nd of 10,
SFG,SFG,1967,San Francisco Giants,NL,,162,91,71,0,.562,2nd of 10,
SFG,SFG,1966,San Francisco Giants,NL,,161,93,68,0,.578,2nd of 10,
SFG,SFG,1965,San Francisco Giants,NL,,163,95,67,1,.586,2nd of 10,
SFG,SFG,1964,San Francisco Giants,NL,,162,90,72,0,.556,4th of 10,
SFG,SFG,1963,San Francisco Giants,NL,,162,88,74,0,.543,3rd of 10,
SFG,SFG,1962,San Francisco Giants,NL,,165,103,62,0,.624,1st of 10,Lost WS (4-3)
SFG,SFG,1961,San Francisco Giants,NL,,155,85,69,1,.552,3rd of 8,
SFG,SFG,1960,San Francisco Giants,NL,,156,79,75,2,.513,5th of 8,
SFG,SFG,1959,San Francisco Giants,NL,,154,83,71,0,.539,3rd of 8,
SFG,SFG,1958,San Francisco Giants,NL,,154,80,74,0,.519,3rd of 8,
SFG,NYG,1957,New York Giants,NL,,154,69,85,0,.448,6th of 8,
SFG,NYG,1956,New York Giants,NL,,154,67,87,0,.435,6th of 8,
SFG,NYG,1955,New York Giants,NL,,154,80,74,0,.519,3rd of 8,
SFG,NYG,1954,New York Giants,NL,,154,97,57,0,.630,1st of 8,Won WS (4-0)
SFG,NYG,1953,New York Giants,NL,,155,70,84,1,.455,5th of 8,
SFG,NYG,1952,New York Giants,NL,,154,92,62,0,.597,2nd of 8,
SFG,NYG,1951,New York Giants,NL,,157,98,59,0,.624,1st of 8,Lost WS (4-2)
SFG,NYG,1950,New York Giants,NL,,154,86,68,0,.558,3rd of 8,
SFG,NYG,1949,New York Giants,NL,,156,73,81,2,.474,5th of 8,
SFG,NYG,1948,New York Giants,NL,,155,78,76,1,.506,5th of 8,
SFG,NYG,1947,New York Giants,NL,,155,81,73,1,.526,4th of 8,
SFG,NYG,1946,New York Giants,NL,,154,61,93,0,.396,8th of 8,
SFG,NYG,1945,New York Giants,NL,,154,78,74,2,.513,5th of 8,
SFG,NYG,1944,New York Giants,NL,,155,67,87,1,.435,5th of 8,
SFG,NYG,1943,New York Giants,NL,,156,55,98,3,.359,8th of 8,
SFG,NYG,1942,New York Giants,NL,,154,85,67,2,.559,3rd of 8,
SFG,NYG,1941,New York Giants,NL,,156,74,79,3,.484,5th of 8,
SFG,NYG,1940,New York Giants,NL,,152,72,80,0,.474,6th of 8,
SFG,NYG,1939,New York Giants,NL,,151,77,74,0,.510,5th of 8,
SFG,NYG,1938,New York Giants,NL,,152,83,67,2,.553,3rd of 8,
SFG,NYG,1937,New York Giants,NL,,152,95,57,0,.625,1st of 8,Lost WS (4-1)
SFG,NYG,1936,New York Giants,NL,,154,92,62,0,.597,1st of 8,Lost WS (4-2)
SFG,NYG,1935,New York Giants,NL,,156,91,62,3,.595,3rd of 8,
SFG,NYG,1934,New York Giants,NL,,153,93,60,0,.608,2nd of 8,
SFG,NYG,1933,New York Giants,NL,,156,91,61,4,.599,1st of 8,Won WS (4-1)
SFG,NYG,1932,New York Giants,NL,,154,72,82,0,.468,6th of 8,
SFG,NYG,1931,New York Giants,NL,,153,87,65,1,.572,2nd of 8,
SFG,NYG,1930,New York Giants,NL,,154,87,67,0,.565,3rd of 8,
SFG,NYG,1929,New York Giants,NL,,152,84,67,1,.556,3rd of 8,
SFG,NYG,1928,New York Giants,NL,,155,93,61,1,.604,2nd of 8,
SFG,NYG,1927,New York Giants,NL,,155,92,62,1,.597,3rd of 8,
SFG,NYG,1926,New York Giants,NL,,151,74,77,0,.490,5th of 8,
SFG,NYG,1925,New York Giants,NL,,152,86,66,0,.566,2nd of 8,
SFG,NYG,1924,New York Giants,NL,,154,93,60,1,.608,1st of 8,Lost WS (4-3)
SFG,NYG,1923,New York Giants,NL,,153,95,58,0,.621,1st of 8,Lost WS (4-2)
SFG,NYG,1922,New York Giants,NL,,156,93,61,2,.604,1st of 8,Won WS (4-0-1)
SFG,NYG,1921,New York Giants,NL,,153,94,59,0,.614,1st of 8,Won WS (5-3)
SFG,NYG,1920,New York Giants,NL,,155,86,68,1,.558,2nd of 8,
SFG,NYG,1919,New York Giants,NL,,140,87,53,0,.621,2nd of 8,
SFG,NYG,1918,New York Giants,NL,,124,71,53,0,.573,2nd of 8,
SFG,NYG,1917,New York Giants,NL,,158,98,56,4,.636,1st of 8,Lost WS (4-2)
SFG,NYG,1916,New York Giants,NL,,155,86,66,3,.566,4th of 8,
SFG,NYG,1915,New York Giants,NL,,155,69,83,3,.454,8th of 8,
SFG,NYG,1914,New York Giants,NL,,156,84,70,2,.545,2nd of 8,
SFG,NYG,1913,New York Giants,NL,,156,101,51,4,.664,1st of 8,Lost WS (4-1)
SFG,NYG,1912,New York Giants,NL,,154,103,48,3,.682,1st of 8,Lost WS (4-3-1)
SFG,NYG,1911,New York Giants,NL,,154,99,54,1,.647,1st of 8,Lost WS (4-2)
SFG,NYG,1910,New York Giants,NL,,155,91,63,1,.591,2nd of 8,
SFG,NYG,1909,New York Giants,NL,,158,92,61,5,.601,3rd of 8,
SFG,NYG,1908,New York Giants,NL,,157,98,56,3,.636,2nd of 8,
SFG,NYG,1907,New York Giants,NL,,155,82,71,2,.536,4th of 8,
SFG,NYG,1906,New York Giants,NL,,153,96,56,1,.632,2nd of 8,
SFG,NYG,1905,New York Giants,NL,,155,105,48,2,.686,1st of 8,Won WS (4-1)
SFG,NYG,1904,New York Giants,NL,,158,106,47,5,.693,1st of 8,
SFG,NYG,1903,New York Giants,NL,,142,84,55,3,.604,2nd of 8,
SFG,NYG,1902,New York Giants,NL,,141,48,88,5,.353,8th of 8,
SFG,NYG,1901,New York Giants,NL,,141,52,85,4,.380,7th of 8,
SFG,NYG,1900,New York Giants,NL,,141,60,78,3,.435,8th of 8,
SFG,NYG,1899,New York Giants,NL,,153,60,90,3,.400,10th of 12,
SFG,NYG,1898,New York Giants,NL,,157,77,73,7,.513,7th of 12,
SFG,NYG,1897,New York Giants,NL,,138,83,48,7,.634,3rd of 12,
SFG,NYG,1896,New York Giants,NL,,133,64,67,2,.489,7th of 12,
SFG,NYG,1895,New York Giants,NL,,132,66,65,1,.504,9th of 12,
SFG,NYG,1894,New York Giants,NL,,139,88,44,7,.667,2nd of 12,
SFG,NYG,1893,New York Giants,NL,,136,68,64,4,.515,5th of 12,
SFG,NYG,1892,New York Giants,NL,,153,71,80,2,.470,8th of 12,
SFG,NYG,1891,New York Giants,NL,,136,71,61,4,.538,3rd of 8,
SFG,NYG,1890,New York Giants,NL,,135,63,68,4,.481,6th of 8,
SFG,NYG,1889,New York Giants,NL,,131,83,43,5,.659,1st of 8,Won WS (6-3)
SFG,NYG,1888,New York Giants,NL,,138,84,47,7,.641,1st of 8,Won WS (6-4)
SFG,NYG,1887,New York Giants,NL,,129,68,55,6,.553,4th of 8,
SFG,NYG,1886,New York Giants,NL,,124,75,44,5,.630,3rd of 8,
SFG,NYG,1885,New York Giants,NL,,112,85,27,0,.759,2nd of 8,
SFG,NYG,1884,New York,NL,,116,62,50,4,.554,4th of 8,
SFG,NYG,1883,New York,NL,,98,46,50,2,.479,6th of 8,
OAK,ATH,2026,Athletics,AL,West,111,45,66,0,.405,4th of 5,
OAK,ATH,2025,Athletics,AL,West,162,76,86,0,.469,4th of 5,
OAK,OAK,2024,Oakland Athletics,AL,West,162,69,93,0,.426,4th of 5,
OAK,OAK,2023,Oakland Athletics,AL,West,162,50,112,0,.309,5th of 5,
OAK,OAK,2022,Oakland Athletics,AL,West,162,60,102,0,.370,5th of 5,
OAK,OAK,2021,Oakland Athletics,AL,West,162,86,76,0,.531,3rd of 5,
OAK,OAK,2020,Oakland Athletics,AL,West,60,36,24,0,.600,1st of 5,Lost ALDS (3-1)
OAK,OAK,2019,Oakland Athletics,AL,West,162,97,65,0,.599,2nd of 5,Lost ALWC (1-0)
OAK,OAK,2018,Oakland Athletics,AL,West,162,97,65,0,.599,2nd of 5,Lost ALWC (1-0)
OAK,OAK,2017,Oakland Athletics,AL,West,162,75,87,0,.463,5th of 5,
OAK,OAK,2016,Oakland Athletics,AL,West,162,69,93,0,.426,5th of 5,
OAK,OAK,2015,Oakland Athletics,AL,West,162,68,94,0,.420,5th of 5,
OAK,OAK,2014,Oakland Athletics,AL,West,162,88,74,0,.543,2nd of 5,Lost ALWC (1-0)
OAK,OAK,2013,Oakland Athletics,AL,West,162,96,66,0,.593,1st of 5,Lost ALDS (3-2)
OAK,OAK,2012,Oakland Athletics,AL,West,162,94,68,0,.580,1st of 4,Lost ALDS (3-2)
OAK,OAK,2011,Oakland Athletics,AL,West,162,74,88,0,.457,3rd of 4,
OAK,OAK,2010,Oakland Athletics,AL,West,162,81,81,0,.500,2nd of 4,
OAK,OAK,2009,Oakland Athletics,AL,West,162,75,87,0,.463,4th of 4,
OAK,OAK,2008,Oakland Athletics,AL,West,161,75,86,0,.466,3rd of 4,
OAK,OAK,2007,Oakland Athletics,AL,West,162,76,86,0,.469,3rd of 4,
OAK,OAK,2006,Oakland Athletics,AL,West,162,93,69,0,.574,1st of 4,Lost ALCS (4-0)
OAK,OAK,2005,Oakland Athletics,AL,West,162,88,74,0,.543,2nd of 4,
OAK,OAK,2004,Oakland Athletics,AL,West,162,91,71,0,.562,2nd of 4,
OAK,OAK,2003,Oakland Athletics,AL,West,162,96,66,0,.593,1st of 4,Lost ALDS (3-2)
OAK,OAK,2002,Oakland Athletics,AL,West,162,103,59,0,.636,1st of 4,Lost ALDS (3-2)
OAK,OAK,2001,Oakland Athletics,AL,West,162,102,60,0,.630,2nd of 4,Lost ALDS (3-2)
OAK,OAK,2000,Oakland Athletics,AL,West,161,91,70,0,.565,1st of 4,Lost ALDS (3-2)
OAK,OAK,1999,Oakland Athletics,AL,West,162,87,75,0,.537,2nd of 4,
OAK,OAK,1998,Oakland Athletics,AL,West,162,74,88,0,.457,4th of 4,
OAK,OAK,1997,Oakland Athletics,AL,West,162,65,97,0,.401,4th of 4,
OAK,OAK,1996,Oakland Athletics,AL,West,162,78,84,0,.481,3rd of 4,
OAK,OAK,1995,Oakland Athletics,AL,West,144,67,77,0,.465,4th of 4,
OAK,OAK,1994,Oakland Athletics,AL,West,114,51,63,0,.447,2nd of 4,
OAK,OAK,1993,Oakland Athletics,AL,West,162,68,94,0,.420,7th of 7,
OAK,OAK,1992,Oakland Athletics,AL,West,162,96,66,0,.593,1st of 7,Lost ALCS (4-2)
OAK,OAK,1991,Oakland Athletics,AL,West,162,84,78,0,.519,4th of 7,
OAK,OAK,1990,Oakland Athletics,AL,West,162,103,59,0,.636,1st of 7,Lost WS (4-0)
OAK,OAK,1989,Oakland Athletics,AL,West,162,99,63,0,.611,1st of 7,Won WS (4-0)
OAK,OAK,1988,Oakland Athletics,AL,West,162,104,58,0,.642,1st of 7,Lost WS (4-1)
OAK,OAK,1987,Oakland Athletics,AL,West,162,81,81,0,.500,3rd of 7,
OAK,OAK,1986,Oakland Athletics,AL,West,162,76,86,0,.469,3rd of 7,
OAK,OAK,1985,Oakland Athletics,AL,West,162,77,85,0,.475,4th of 7,
OAK,OAK,1984,Oakland Athletics,AL,West,162,77,85,0,.475,4th of 7,
OAK,OAK,1983,Oakland Athletics,AL,West,162,74,88,0,.457,4th of 7,
OAK,OAK,1982,Oakland Athletics,AL,West,162,68,94,0,.420,5th of 7,
OAK,OAK,1981,Oakland Athletics,AL,West,109,64,45,0,.587,1st of 7,Lost ALCS (3-0)
OAK,OAK,1980,Oakland Athletics,AL,West,162,83,79,0,.512,2nd of 7,
OAK,OAK,1979,Oakland Athletics,AL,West,162,54,108,0,.333,7th of 7,
OAK,OAK,1978,Oakland Athletics,AL,West,162,69,93,0,.426,6th of 7,
OAK,OAK,1977,Oakland Athletics,AL,West,161,63,98,0,.391,7th of 7,
OAK,OAK,1976,Oakland Athletics,AL,West,161,87,74,0,.540,2nd of 6,
OAK,OAK,1975,Oakland Athletics,AL,West,162,98,64,0,.605,1st of 6,Lost ALCS (3-0)
OAK,OAK,1974,Oakland Athletics,AL,West,162,90,72,0,.556,1st of 6,Won WS (4-1)
OAK,OAK,1973,Oakland Athletics,AL,West,162,94,68,0,.580,1st of 6,Won WS (4-3)
OAK,OAK,1972,Oakland Athletics,AL,West,155,93,62,0,.600,1st of 6,Won WS (4-3)
OAK,OAK,1971,Oakland Athletics,AL,West,161,101,60,0,.627,1st of 6,Lost ALCS (3-0)
OAK,OAK,1970,Oakland Athletics,AL,West,162,89,73,0,.549,2nd of 6,
OAK,OAK,1969,Oakland Athletics,AL,West,162,88,74,0,.543,2nd of 6,
OAK,OAK,1968,Oakland Athletics,AL,,163,82,80,1,.506,6th of 10,
OAK,KCA,1967,Kansas City Athletics,AL,,161,62,99,0,.385,10th of 10,
OAK,KCA,1966,Kansas City Athletics,AL,,160,74,86,0,.463,7th of 10,
OAK,KCA,1965,Kansas City Athletics,AL,,162,59,103,0,.364,10th of 10,
OAK,KCA,1964,Kansas City Athletics,AL,,163,57,105,1,.352,10th of 10,
OAK,KCA,1963,Kansas City Athletics,AL,,162,73,89,0,.451,8th of 10,
OAK,KCA,1962,Kansas City Athletics,AL,,162,72,90,0,.444,9th of 10,
OAK,KCA,1961,Kansas City Athletics,AL,,162,61,100,1,.379,9th of 10,
OAK,KCA,1960,Kansas City Athletics,AL,,155,58,96,1,.377,8th of 8,
OAK,KCA,1959,Kansas City Athletics,AL,,154,66,88,0,.429,7th of 8,
OAK,KCA,1958,Kansas City Athletics,AL,,156,73,81,2,.474,7th of 8,
OAK,KCA,1957,Kansas City Athletics,AL,,154,59,94,1,.386,7th of 8,
OAK,KCA,1956,Kansas City Athletics,AL,,154,52,102,0,.338,8th of 8,
OAK,KCA,1955,Kansas City Athletics,AL,,155,63,91,1,.409,6th of 8,
OAK,PHA,1954,Philadelphia Athletics,AL,,156,51,103,2,.331,8th of 8,
OAK,PHA,1953,Philadelphia Athletics,AL,,157,59,95,3,.383,7th of 8,
OAK,PHA,1952,Philadelphia Athletics,AL,,155,79,75,1,.513,4th of 8,
OAK,PHA,1951,Philadelphia Athletics,AL,,154,70,84,0,.455,6th of 8,
OAK,PHA,1950,Philadelphia Athletics,AL,,154,52,102,0,.338,8th of 8,
OAK,PHA,1949,Philadelphia Athletics,AL,,154,81,73,0,.526,5th of 8,
OAK,PHA,1948,Philadelphia Athletics,AL,,154,84,70,0,.545,4th of 8,
OAK,PHA,1947,Philadelphia Athletics,AL,,156,78,76,2,.506,5th of 8,
OAK,PHA,1946,Philadelphia Athletics,AL,,155,49,105,1,.318,8th of 8,
OAK,PHA,1945,Philadelphia Athletics,AL,,153,52,98,3,.347,8th of 8,
OAK,PHA,1944,Philadelphia Athletics,AL,,155,72,82,1,.468,5th of 8,
OAK,PHA,1943,Philadelphia Athletics,AL,,155,49,105,1,.318,8th of 8,
OAK,PHA,1942,Philadelphia Athletics,AL,,154,55,99,0,.357,8th of 8,
OAK,PHA,1941,Philadelphia Athletics,AL,,154,64,90,0,.416,8th of 8,
OAK,PHA,1940,Philadelphia Athletics,AL,,154,54,100,0,.351,8th of 8,
OAK,PHA,1939,Philadelphia Athletics,AL,,153,55,97,1,.362,7th of 8,
OAK,PHA,1938,Philadelphia Athletics,AL,,154,53,99,2,.349,8th of 8,
OAK,PHA,1937,Philadelphia Athletics,AL,,154,54,97,3,.358,7th of 8,
OAK,PHA,1936,Philadelphia Athletics,AL,,154,53,100,1,.346,8th of 8,
OAK,PHA,1935,Philadelphia Athletics,AL,,149,58,91,0,.389,8th of 8,
OAK,PHA,1934,Philadelphia Athletics,AL,,153,68,82,3,.453,5th of 8,
OAK,PHA,1933,Philadelphia Athletics,AL,,152,79,72,1,.523,3rd of 8,
OAK,PHA,1932,Philadelphia Athletics,AL,,154,94,60,0,.610,2nd of 8,
OAK,PHA,1931,Philadelphia Athletics,AL,,153,107,45,1,.704,1st of 8,Lost WS (4-3)
OAK,PHA,1930,Philadelphia Athletics,AL,,154,102,52,0,.662,1st of 8,Won WS (4-2)
OAK,PHA,1929,Philadelphia Athletics,AL,,151,104,46,1,.693,1st of 8,Won WS (4-1)
OAK,PHA,1928,Philadelphia Athletics,AL,,153,98,55,0,.641,2nd of 8,
OAK,PHA,1927,Philadelphia Athletics,AL,,155,91,63,1,.591,2nd of 8,
OAK,PHA,1926,Philadelphia Athletics,AL,,150,83,67,0,.553,3rd of 8,
OAK,PHA,1925,Philadelphia Athletics,AL,,153,88,64,1,.579,2nd of 8,
OAK,PHA,1924,Philadelphia Athletics,AL,,152,71,81,0,.467,5th of 8,
OAK,PHA,1923,Philadelphia Athletics,AL,,153,69,83,1,.454,6th of 8,
OAK,PHA,1922,Philadelphia Athletics,AL,,155,65,89,1,.422,7th of 8,
OAK,PHA,1921,Philadelphia Athletics,AL,,155,53,100,2,.346,8th of 8,
OAK,PHA,1920,Philadelphia Athletics,AL,,156,48,106,2,.312,8th of 8,
OAK,PHA,1919,Philadelphia Athletics,AL,,140,36,104,0,.257,8th of 8,
OAK,PHA,1918,Philadelphia Athletics,AL,,130,52,76,2,.406,8th of 8,
OAK,PHA,1917,Philadelphia Athletics,AL,,154,55,98,1,.359,8th of 8,
OAK,PHA,1916,Philadelphia Athletics,AL,,154,36,117,1,.235,8th of 8,
OAK,PHA,1915,Philadelphia Athletics,AL,,154,43,109,2,.283,8th of 8,
OAK,PHA,1914,Philadelphia Athletics,AL,,158,99,53,6,.651,1st of 8,Lost WS (4-0)
OAK,PHA,1913,Philadelphia Athletics,AL,,153,96,57,0,.627,1st of 8,Won WS (4-1)
OAK,PHA,1912,Philadelphia Athletics,AL,,153,90,62,1,.592,3rd of 8,
OAK,PHA,1911,Philadelphia Athletics,AL,,152,101,50,1,.669,1st of 8,Won WS (4-2)
OAK,PHA,1910,Philadelphia Athletics,AL,,155,102,48,5,.680,1st of 8,Won WS (4-1)
OAK,PHA,1909,Philadelphia Athletics,AL,,153,95,58,0,.621,2nd of 8,
OAK,PHA,1908,Philadelphia Athletics,AL,,157,68,85,4,.444,6th of 8,
OAK,PHA,1907,Philadelphia Athletics,AL,,150,88,57,5,.607,2nd of 8,
OAK,PHA,1906,Philadelphia Athletics,AL,,149,78,67,4,.538,4th of 8,
OAK,PHA,1905,Philadelphia Athletics,AL,,152,92,56,4,.622,1st of 8,Lost WS (4-1)
OAK,PHA,1904,Philadelphia Athletics,AL,,155,81,70,4,.536,5th of 8,
OAK,PHA,1903,Philadelphia Athletics,AL,,137,75,60,2,.556,2nd of 8,
OAK,PHA,1902,Philadelphia Athletics,AL,,137,83,53,1,.610,1st of 8,
OAK,PHA,1901,Philadelphia Athletics,AL,,137,74,62,1,.544,4th of 8,
SEA,SEA,2026,Seattle Mariners,AL,West,112,54,58,0,.482,3rd of 5,
SEA,SEA,2025,Seattle Mariners,AL,West,162,90,72,0,.556,1st of 5,Lost ALCS (4-3)
SEA,SEA,2024,Seattle Mariners,AL,West,162,85,77,0,.525,2nd of 5,
SEA,SEA,2023,Seattle Mariners,AL,West,162,88,74,0,.543,3rd of 5,
SEA,SEA,2022,Seattle Mariners,AL,West,162,90,72,0,.556,2nd of 5,Lost ALDS (3-0)
SEA,SEA,2021,Seattle Mariners,AL,West,162,90,72,0,.556,2nd of 5,
SEA,SEA,2020,Seattle Mariners,AL,West,60,27,33,0,.450,3rd of 5,
SEA,SEA,2019,Seattle Mariners,AL,West,162,68,94,0,.420,5th of 5,
SEA,SEA,2018,Seattle Mariners,AL,West,162,89,73,0,.549,3rd of 5,
SEA,SEA,2017,Seattle Mariners,AL,West,162,78,84,0,.481,3rd of 5,
SEA,SEA,2016,Seattle Mariners,AL,West,162,86,76,0,.531,2nd of 5,
SEA,SEA,2015,Seattle Mariners,AL,West,162,76,86,0,.469,4th of 5,
SEA,SEA,2014,Seattle Mariners,AL,West,162,87,75,0,.537,3rd of 5,
SEA,SEA,2013,Seattle Mariners,AL,West,162,71,91,0,.438,4th of 5,
SEA,SEA,2012,Seattle Mariners,AL,West,162,75,87,0,.463,4th of 4,
SEA,SEA,2011,Seattle Mariners,AL,West,162,67,95,0,.414,4th of 4,
SEA,SEA,2010,Seattle Mariners,AL,West,162,61,101,0,.377,4th of 4,
SEA,SEA,2009,Seattle Mariners,AL,West,162,85,77,0,.525,3rd of 4,
SEA,SEA,2008,Seattle Mariners,AL,West,162,61,101,0,.377,4th of 4,
SEA,SEA,2007,Seattle Mariners,AL,West,162,88,74,0,.543,2nd of 4,
SEA,SEA,2006,Seattle Mariners,AL,West,162,78,84,0,.481,4th of 4,
SEA,SEA,2005,Seattle Mariners,AL,West,162,69,93,0,.426,4th of 4,
SEA,SEA,2004,Seattle Mariners,AL,West,162,63,99,0,.389,4th of 4,
SEA,SEA,2003,Seattle Mariners,AL,West,162,93,69,0,.574,2nd of 4,
SEA,SEA,2002,Seattle Mariners,AL,West,162,93,69,0,.574,3rd of 4,
SEA,SEA,2001,Seattle Mariners,AL,West,162,116,46,0,.716,1st of 4,Lost ALCS (4-1)
SEA,SEA,2000,Seattle Mariners,AL,West,162,91,71,0,.562,2nd of 4,Lost ALCS (4-2)
SEA,SEA,1999,Seattle Mariners,AL,West,162,79,83,0,.488,3rd of 4,
SEA,SEA,1998,Seattle Mariners,AL,West,161,76,85,0,.472,3rd of 4,
SEA,SEA,1997,Seattle Mariners,AL,West,162,90,72,0,.556,1st of 4,Lost ALDS (3-1)
SEA,SEA,1996,Seattle Mariners,AL,West,161,85,76,0,.528,2nd of 4,
SEA,SEA,1995,Seattle Mariners,AL,West,145,79,66,0,.545,1st of 4,Lost ALCS (4-2)
SEA,SEA,1994,Seattle Mariners,AL,West,112,49,63,0,.438,3rd of 4,
SEA,SEA,1993,Seattle Mariners,AL,West,162,82,80,0,.506,4th of 7,
SEA,SEA,1992,Seattle Mariners,AL,West,162,64,98,0,.395,7th of 7,
SEA,SEA,1991,Seattle Mariners,AL,West,162,83,79,0,.512,5th of 7,
SEA,SEA,1990,Seattle Mariners,AL,West,162,77,85,0,.475,5th of 7,
SEA,SEA,1989,Seattle Mariners,AL,West,162,73,89,0,.451,6th of 7,
SEA,SEA,1988,Seattle Mariners,AL,West,161,68,93,0,.422,7th of 7,
SEA,SEA,1987,Seattle Mariners,AL,West,162,78,84,0,.481,4th of 7,
SEA,SEA,1986,Seattle Mariners,AL,West,162,67,95,0,.414,7th of 7,
SEA,SEA,1985,Seattle Mariners,AL,West,162,74,88,0,.457,6th of 7,
SEA,SEA,1984,Seattle Mariners,AL,West,162,74,88,0,.457,5th of 7,
SEA,SEA,1983,Seattle Mariners,AL,West,162,60,102,0,.370,7th of 7,
SEA,SEA,1982,Seattle Mariners,AL,West,162,76,86,0,.469,4th of 7,
SEA,SEA,1981,Seattle Mariners,AL,West,110,44,65,1,.404,6th of 7,
SEA,SEA,1980,Seattle Mariners,AL,West,163,59,103,1,.364,7th of 7,
SEA,SEA,1979,Seattle Mariners,AL,West,162,67,95,0,.414,6th of 7,
SEA,SEA,1978,Seattle Mariners,AL,West,160,56,104,0,.350,7th of 7,
SEA,SEA,1977,Seattle Mariners,AL,West,162,64,98,0,.395,6th of 7,
HOU,HOU,2026,Houston Astros,AL,West,112,57,55,0,.509,1st of 5,
HOU,HOU,2025,Houston Astros,AL,West,162,87,75,0,.537,2nd of 5,
HOU,HOU,2024,Houston Astros,AL,West,161,88,73,0,.547,1st of 5,Lost ALWC (2-0)
HOU,HOU,2023,Houston Astros,AL,West,162,90,72,0,.556,1st of 5,Lost ALCS (4-3)
HOU,HOU,2022,Houston Astros,AL,West,162,106,56,0,.654,1st of 5,Won WS (4-2)
HOU,HOU,2021,Houston Astros,AL,West,162,95,67,0,.586,1st of 5,Lost WS (4-2)
HOU,HOU,2020,Houston Astros,AL,West,60,29,31,0,.483,2nd of 5,Lost ALCS (4-3)
HOU,HOU,2019,Houston Astros,AL,West,162,107,55,0,.660,1st of 5,Lost WS (4-3)
HOU,HOU,2018,Houston Astros,AL,West,162,103,59,0,.636,1st of 5,Lost ALCS (4-1)
HOU,HOU,2017,Houston Astros,AL,West,162,101,61,0,.623,1st of 5,Won WS (4-3)
HOU,HOU,2016,Houston Astros,AL,West,162,84,78,0,.519,3rd of 5,
HOU,HOU,2015,Houston Astros,AL,West,162,86,76,0,.531,2nd of 5,Lost ALDS (3-2)
HOU,HOU,2014,Houston Astros,AL,West,162,70,92,0,.432,4th of 5,
HOU,HOU,2013,Houston Astros,AL,West,162,51,111,0,.315,5th of 5,
HOU,HOU,2012,Houston Astros,NL,Central,162,55,107,0,.340,6th of 6,
HOU,HOU,2011,Houston Astros,NL,Central,162,56,106,0,.346,6th of 6,
HOU,HOU,2010,Houston Astros,NL,Central,162,76,86,0,.469,4th of 6,
HOU,HOU,2009,Houston Astros,NL,Central,162,74,88,0,.457,5th of 6,
HOU,HOU,2008,Houston Astros,NL,Central,161,86,75,0,.534,3rd of 6,
HOU,HOU,2007,Houston Astros,NL,Central,162,73,89,0,.451,4th of 6,
HOU,HOU,2006,Houston Astros,NL,Central,162,82,80,0,.506,2nd of 6,
HOU,HOU,2005,Houston Astros,NL,Central,163,89,73,1,.549,2nd of 6,Lost WS (4-0)
HOU,HOU,2004,Houston Astros,NL,Central,162,92,70,0,.568,2nd of 6,Lost NLCS (4-3)
HOU,HOU,2003,Houston Astros,NL,Central,162,87,75,0,.537,2nd of 6,
HOU,HOU,2002,Houston Astros,NL,Central,162,84,78,0,.519,2nd of 6,
HOU,HOU,2001,Houston Astros,NL,Central,162,93,69,0,.574,1st of 6,Lost NLDS (3-0)
HOU,HOU,2000,Houston Astros,NL,Central,162,72,90,0,.444,4th of 6,
HOU,HOU,1999,Houston Astros,NL,Central,162,97,65,0,.599,1st of 6,Lost NLDS (3-1)
HOU,HOU,1998,Houston Astros,NL,Central,162,102,60,0,.630,1st of 6,Lost NLDS (3-1)
HOU,HOU,1997,Houston Astros,NL,Central,162,84,78,0,.519,1st of 5,Lost NLDS (3-0)
HOU,HOU,1996,Houston Astros,NL,Central,162,82,80,0,.506,2nd of 5,
HOU,HOU,1995,Houston Astros,NL,Central,144,76,68,0,.528,2nd of 5,
HOU,HOU,1994,Houston Astros,NL,Central,115,66,49,0,.574,2nd of 5,
HOU,HOU,1993,Houston Astros,NL,West,162,85,77,0,.525,3rd of 7,
HOU,HOU,1992,Houston Astros,NL,West,162,81,81,0,.500,4th of 6,
HOU,HOU,1991,Houston Astros,NL,West,162,65,97,0,.401,6th of 6,
HOU,HOU,1990,Houston Astros,NL,West,162,75,87,0,.463,4th of 6,
HOU,HOU,1989,Houston Astros,NL,West,162,86,76,0,.531,3rd of 6,
HOU,HOU,1988,Houston Astros,NL,West,162,82,80,0,.506,5th of 6,
HOU,HOU,1987,Houston Astros,NL,West,162,76,86,0,.469,3rd of 6,
HOU,HOU,1986,Houston Astros,NL,West,162,96,66,0,.593,1st of 6,Lost NLCS (4-2)
HOU,HOU,1985,Houston Astros,NL,West,162,83,79,0,.512,3rd of 6,
HOU,HOU,1984,Houston Astros,NL,West,162,80,82,0,.494,2nd of 6,
HOU,HOU,1983,Houston Astros,NL,West,162,85,77,0,.525,3rd of 6,
HOU,HOU,1982,Houston Astros,NL,West,162,77,85,0,.475,5th of 6,
HOU,HOU,1981,Houston Astros,NL,West,110,61,49,0,.555,3rd of 6,Lost NLDS (3-2)
HOU,HOU,1980,Houston Astros,NL,West,163,93,70,0,.571,1st of 6,Lost NLCS (3-2)
HOU,HOU,1979,Houston Astros,NL,West,162,89,73,0,.549,2nd of 6,
HOU,HOU,1978,Houston Astros,NL,West,162,74,88,0,.457,5th of 6,
HOU,HOU,1977,Houston Astros,NL,West,162,81,81,0,.500,3rd of 6,
HOU,HOU,1976,Houston Astros,NL,West,162,80,82,0,.494,3rd of 6,
HOU,HOU,1975,Houston Astros,NL,West,162,64,97,1,.398,6th of 6,
HOU,HOU,1974,Houston Astros,NL,West,162,81,81,0,.500,4th of 6,
HOU,HOU,1973,Houston Astros,NL,West,162,82,80,0,.506,4th of 6,
HOU,HOU,1972,Houston Astros,NL,West,153,84,69,0,.549,3rd of 6,
HOU,HOU,1971,Houston Astros,NL,West,162,79,83,0,.488,4th of 6,
HOU,HOU,1970,Houston Astros,NL,West,162,79,83,0,.488,4th of 6,
HOU,HOU,1969,Houston Astros,NL,West,162,81,81,0,.500,5th of 6,
HOU,HOU,1968,Houston Astros,NL,,162,72,90,0,.444,10th of 10,
HOU,HOU,1967,Houston Astros,NL,,162,69,93,0,.426,9th of 10,
HOU,HOU,1966,Houston Astros,NL,,163,72,90,1,.444,8th of 10,
HOU,HOU,1965,Houston Astros,NL,,162,65,97,0,.401,9th of 10,
HOU,HOU,1964,Houston Colt .45s,NL,,162,66,96,0,.407,9th of 10,
HOU,HOU,1963,Houston Colt .45s,NL,,162,66,96,0,.407,9th of 10,
HOU,HOU,1962,Houston Colt .45s,NL,,162,64,96,2,.400,8th of 10,
ANA,LAA,2026,Los Angeles Angels,AL,West,111,42,69,0,.378,5th of 5,
ANA,LAA,2025,Los Angeles Angels,AL,West,162,72,90,0,.444,5th of 5,
ANA,LAA,2024,Los Angeles Angels,AL,West,162,63,99,0,.389,5th of 5,
ANA,LAA,2023,Los Angeles Angels,AL,West,162,73,89,0,.451,4th of 5,
ANA,LAA,2022,Los Angeles Angels,AL,West,162,73,89,0,.451,3rd of 5,
ANA,LAA,2021,Los Angeles Angels,AL,West,162,77,85,0,.475,4th of 5,
ANA,LAA,2020,Los Angeles Angels,AL,West,60,26,34,0,.433,4th of 5,
ANA,LAA,2019,Los Angeles Angels,AL,West,162,72,90,0,.444,4th of 5,
ANA,LAA,2018,Los Angeles Angels,AL,West,162,80,82,0,.494,4th of 5,
ANA,LAA,2017,Los Angeles Angels,AL,West,162,80,82,0,.494,2nd of 5,
ANA,LAA,2016,Los Angeles Angels,AL,West,162,74,88,0,.457,4th of 5,
ANA,LAA,2015,Los Angeles Angels of Anaheim,AL,West,162,85,77,0,.525,3rd of 5,
ANA,LAA,2014,Los Angeles Angels of Anaheim,AL,West,162,98,64,0,.605,1st of 5,Lost ALDS (3-0)
ANA,LAA,2013,Los Angeles Angels of Anaheim,AL,West,162,78,84,0,.481,3rd of 5,
ANA,LAA,2012,Los Angeles Angels of Anaheim,AL,West,162,89,73,0,.549,3rd of 4,
ANA,LAA,2011,Los Angeles Angels of Anaheim,AL,West,162,86,76,0,.531,2nd of 4,
ANA,LAA,2010,Los Angeles Angels of Anaheim,AL,West,162,80,82,0,.494,3rd of 4,
ANA,LAA,2009,Los Angeles Angels of Anaheim,AL,West,162,97,65,0,.599,1st of 4,Lost ALCS (4-2)
ANA,LAA,2008,Los Angeles Angels of Anaheim,AL,West,162,100,62,0,.617,1st of 4,Lost ALDS (3-1)
ANA,LAA,2007,Los Angeles Angels of Anaheim,AL,West,162,94,68,0,.580,1st of 4,Lost ALDS (3-0)
ANA,LAA,2006,Los Angeles Angels of Anaheim,AL,West,162,89,73,0,.549,2nd of 4,
ANA,LAA,2005,Los Angeles Angels of Anaheim,AL,West,162,95,67,0,.586,1st of 4,Lost ALCS (4-1)
ANA,ANA,2004,Anaheim Angels,AL,West,162,92,70,0,.568,1st of 4,Lost ALDS (3-0)
ANA,ANA,2003,Anaheim Angels,AL,West,162,77,85,0,.475,3rd of 4,
ANA,ANA,2002,Anaheim Angels,AL,West,162,99,63,0,.611,2nd of 4,Won WS (4-3)
ANA,ANA,2001,Anaheim Angels,AL,West,162,75,87,0,.463,3rd of 4,
ANA,ANA,2000,Anaheim Angels,AL,West,162,82,80,0,.506,3rd of 4,
ANA,ANA,1999,Anaheim Angels,AL,West,162,70,92,0,.432,4th of 4,
ANA,ANA,1998,Anaheim Angels,AL,West,162,85,77,0,.525,2nd of 4,
ANA,ANA,1997,Anaheim Angels,AL,West,162,84,78,0,.519,2nd of 4,
ANA,CAL,1996,California Angels,AL,West,161,70,91,0,.435,4th of 4,
ANA,CAL,1995,California Angels,AL,West,145,78,67,0,.538,2nd of 4,
ANA,CAL,1994,California Angels,AL,West,115,47,68,0,.409,4th of 4,
ANA,CAL,1993,California Angels,AL,West,162,71,91,0,.438,5th of 7,
ANA,CAL,1992,California Angels,AL,West,162,72,90,0,.444,5th of 7,
ANA,CAL,1991,California Angels,AL,West,162,81,81,0,.500,7th of 7,
ANA,CAL,1990,California Angels,AL,West,162,80,82,0,.494,4th of 7,
ANA,CAL,1989,California Angels,AL,West,162,91,71,0,.562,3rd of 7,
ANA,CAL,1988,California Angels,AL,West,162,75,87,0,.463,4th of 7,
ANA,CAL,1987,California Angels,AL,West,162,75,87,0,.463,6th of 7,
ANA,CAL,1986,California Angels,AL,West,162,92,70,0,.568,1st of 7,Lost ALCS (4-3)
ANA,CAL,1985,California Angels,AL,West,162,90,72,0,.556,2nd of 7,
ANA,CAL,1984,California Angels,AL,West,162,81,81,0,.500,2nd of 7,
ANA,CAL,1983,California Angels,AL,West,162,70,92,0,.432,5th of 7,
ANA,CAL,1982,California Angels,AL,West,162,93,69,0,.574,1st of 7,Lost ALCS (3-2)
ANA,CAL,1981,California Angels,AL,West,110,51,59,0,.464,5th of 7,
ANA,CAL,1980,California Angels,AL,West,160,65,95,0,.406,6th of 7,
ANA,CAL,1979,California Angels,AL,West,162,88,74,0,.543,1st of 7,Lost ALCS (3-1)
ANA,CAL,1978,California Angels,AL,West,162,87,75,0,.537,2nd of 7,
ANA,CAL,1977,California Angels,AL,West,162,74,88,0,.457,5th of 7,
ANA,CAL,1976,California Angels,AL,West,162,76,86,0,.469,4th of 6,
ANA,CAL,1975,California Angels,AL,West,161,72,89,0,.447,6th of 6,
ANA,CAL,1974,California Angels,AL,West,163,68,94,1,.420,6th of 6,
ANA,CAL,1973,California Angels,AL,West,162,79,83,0,.488,4th of 6,
ANA,CAL,1972,California Angels,AL,West,155,75,80,0,.484,5th of 6,
ANA,CAL,1971,California Angels,AL,West,162,76,86,0,.469,4th of 6,
ANA,CAL,1970,California Angels,AL,West,162,86,76,0,.531,3rd of 6,
ANA,CAL,1969,California Angels,AL,West,163,71,91,1,.438,3rd of 6,
ANA,CAL,1968,California Angels,AL,,162,67,95,0,.414,8th of 10,
ANA,CAL,1967,California Angels,AL,,161,84,77,0,.522,5th of 10,
ANA,CAL,1966,California Angels,AL,,162,80,82,0,.494,6th of 10,
ANA,CAL,1965,California Angels,AL,,162,75,87,0,.463,7th of 10,
ANA,LAA,1964,Los Angeles Angels,AL,,162,82,80,0,.506,5th of 10,
ANA,LAA,1963,Los Angeles Angels,AL,,161,70,91,0,.435,9th of 10,
ANA,LAA,1962,Los Angeles Angels,AL,,162,86,76,0,.531,3rd of 10,
ANA,LAA,1961,Los Angeles Angels,AL,,162,70,91,1,.435,8th of 10,
TEX,TEX,2026,Texas Rangers,AL,West,111,55,56,0,.495,2nd of 5,
TEX,TEX,2025,Texas Rangers,AL,West,162,81,81,0,.500,3rd of 5,
TEX,TEX,2024,Texas Rangers,AL,West,162,78,84,0,.481,3rd of 5,
TEX,TEX,2023,Texas Rangers,AL,West,162,90,72,0,.556,2nd of 5,Won WS (4-1)
TEX,TEX,2022,Texas Rangers,AL,West,162,68,94,0,.420,4th of 5,
TEX,TEX,2021,Texas Rangers,AL,West,162,60,102,0,.370,5th of 5,
TEX,TEX,2020,Texas Rangers,AL,West,60,22,38,0,.367,5th of 5,
TEX,TEX,2019,Texas Rangers,AL,West,162,78,84,0,.481,3rd of 5,
TEX,TEX,2018,Texas Rangers,AL,West,162,67,95,0,.414,5th of 5,
TEX,TEX,2017,Texas Rangers,AL,West,162,78,84,0,.481,3rd of 5,
TEX,TEX,2016,Texas Rangers,AL,West,162,95,67,0,.586,1st of 5,Lost ALDS (3-0)
TEX,TEX,2015,Texas Rangers,AL,West,162,88,74,0,.543,1st of 5,Lost ALDS (3-2)
TEX,TEX,2014,Texas Rangers,AL,West,162,67,95,0,.414,5th of 5,
TEX,TEX,2013,Texas Rangers,AL,West,163,91,72,0,.558,2nd of 5,
TEX,TEX,2012,Texas Rangers,AL,West,162,93,69,0,.574,2nd of 4,Lost ALWC (1-0)
TEX,TEX,2011,Texas Rangers,AL,West,162,96,66,0,.593,1st of 4,Lost WS (4-3)
TEX,TEX,2010,Texas Rangers,AL,West,162,90,72,0,.556,1st of 4,Lost WS (4-1)
TEX,TEX,2009,Texas Rangers,AL,West,162,87,75,0,.537,2nd of 4,
TEX,TEX,2008,Texas Rangers,AL,West,162,79,83,0,.488,2nd of 4,
TEX,TEX,2007,Texas Rangers,AL,West,162,75,87,0,.463,4th of 4,
TEX,TEX,2006,Texas Rangers,AL,West,162,80,82,0,.494,3rd of 4,
TEX,TEX,2005,Texas Rangers,AL,West,162,79,83,0,.488,3rd of 4,
TEX,TEX,2004,Texas Rangers,AL,West,162,89,73,0,.549,3rd of 4,
TEX,TEX,2003,Texas Rangers,AL,West,162,71,91,0,.438,4th of 4,
TEX,TEX,2002,Texas Rangers,AL,West,162,72,90,0,.444,4th of 4,
TEX,TEX,2001,Texas Rangers,AL,West,162,73,89,0,.451,4th of 4,
TEX,TEX,2000,Texas Rangers,AL,West,162,71,91,0,.438,4th of 4,
TEX,TEX,1999,Texas Rangers,AL,West,162,95,67,0,.586,1st of 4,Lost ALDS (3-0)
TEX,TEX,1998,Texas Rangers,AL,West,162,88,74,0,.543,1st of 4,Lost ALDS (3-0)
TEX,TEX,1997,Texas Rangers,AL,West,162,77,85,0,.475,3rd of 4,
TEX,TEX,1996,Texas Rangers,AL,West,163,90,72,1,.556,1st of 4,Lost ALDS (3-1)
TEX,TEX,1995,Texas Rangers,AL,West,144,74,70,0,.514,3rd of 4,
TEX,TEX,1994,Texas Rangers,AL,West,114,52,62,0,.456,1st of 4,
TEX,TEX,1993,Texas Rangers,AL,West,162,86,76,0,.531,2nd of 7,
TEX,TEX,1992,Texas Rangers,AL,West,162,77,85,0,.475,4th of 7,
TEX,TEX,1991,Texas Rangers,AL,West,162,85,77,0,.525,3rd of 7,
TEX,TEX,1990,Texas Rangers,AL,West,162,83,79,0,.512,3rd of 7,
TEX,TEX,1989,Texas Rangers,AL,West,162,83,79,0,.512,4th of 7,
TEX,TEX,1988,Texas Rangers,AL,West,161,70,91,0,.435,6th of 7,
TEX,TEX,1987,Texas Rangers,AL,West,162,75,87,0,.463,6th of 7,
TEX,TEX,1986,Texas Rangers,AL,West,162,87,75,0,.537,2nd of 7,
TEX,TEX,1985,Texas Rangers,AL,West,161,62,99,0,.385,7th of 7,
TEX,TEX,1984,Texas Rangers,AL,West,161,69,92,0,.429,7th of 7,
TEX,TEX,1983,Texas Rangers,AL,West,163,77,85,1,.475,3rd of 7,
TEX,TEX,1982,Texas Rangers,AL,West,162,64,98,0,.395,6th of 7,
TEX,TEX,1981,Texas Rangers,AL,West,105,57,48,0,.543,2nd of 7,
TEX,TEX,1980,Texas Rangers,AL,West,163,76,85,2,.472,4th of 7,
TEX,TEX,1979,Texas Rangers,AL,West,162,83,79,0,.512,3rd of 7,
TEX,TEX,1978,Texas Rangers,AL,West,162,87,75,0,.537,2nd of 7,
TEX,TEX,1977,Texas Rangers,AL,West,162,94,68,0,.580,2nd of 7,
TEX,TEX,1976,Texas Rangers,AL,West,162,76,86,0,.469,4th of 6,
TEX,TEX,1975,Texas Rangers,AL,West,162,79,83,0,.488,3rd of 6,
TEX,TEX,1974,Texas Rangers,AL,West,161,84,76,1,.525,2nd of 6,
TEX,TEX,1973,Texas Rangers,AL,West,162,57,105,0,.352,6th of 6,
TEX,TEX,1972,Texas Rangers,AL,West,154,54,100,0,.351,6th of 6,
TEX,WSA,1971,Washington Senators,AL,East,159,63,96,0,.396,5th of 6,
TEX,WSA,1970,Washington Senators,AL,East,162,70,92,0,.432,6th of 6,
TEX,WSA,1969,Washington Senators,AL,East,162,86,76,0,.531,4th of 6,
TEX,WSA,1968,Washington Senators,AL,,161,65,96,0,.404,10th of 10,
TEX,WSA,1967,Washington Senators,AL,,161,76,85,0,.472,6th of 10,
TEX,WSA,1966,Washington Senators,AL,,159,71,88,0,.447,8th of 10,
TEX,WSA,1965,Washington Senators,AL,,162,70,92,0,.432,8th of 10,
TEX,WSA,1964,Washington Senators,AL,,162,62,100,0,.383,9th of 10,
TEX,WSA,1963,Washington Senators,AL,,162,56,106,0,.346,10th of 10,
TEX,WSA,1962,Washington Senators,AL,,162,60,101,1,.373,10th of 10,
TEX,WSA,1961,Washington Senators,AL,,161,61,100,0,.379,9th of 10,
